Country_Region,Confirmed,Deaths,Incident_Rate
Afghanistan,209451,7896,538.0424508714615
Albania,334457,3598,11621.96817012996
Algeria,271496,6881,619.132365905185
Andorra,47890,165,61981.49226687375
Angola,105288,1933,320.35277020195906
Antarctica,11,0,
Antigua and Barbuda,9106,146,9298.668409443671
Argentina,10044957,130472,22225.43269916568
Armenia,447308,8727,15095.264160710898
Australia,232974,228,54420.46250875964
Australia,3915992,6529,48238.38383838384
Australia,105111,91,42797.63843648208
Australia,1800236,2783,35191.78965887988
Australia,883620,1365,50305.72160546541
Australia,287507,256,53689.44911297853
Australia,2880559,7370,43448.00072399282
Australia,1293461,952,49169.80916901087
Austria,5961143,21970,66187.85530289572
Azerbaijan,828825,10138,8174.481651613667
Bahamas,37491,833,9533.678492961184
Bahrain,710693,1553,41766.57853304834
Bangladesh,2037871,29445,1237.402777809909
Barbados,106798,579,37163.80567280624
Belarus,994037,7118,10519.665910386577
Belgium,766206,0,41238.52386401189
Belgium,505467,0,41824.5290606367
Belgium,645338,0,42594.7682738155
Belgium,464722,0,40545.46644273344
Belgium,519111,0,38617.40565865793
Belgium,419029,0,37852.93841328573
Belgium,351474,0,40212.20802518855
Belgium,122942,0,43192.4057926208
Belgium,202905,0,41046.88211197087
Belgium,63364,33814,
Belgium,173827,0,43069.23456202815
Belgium,504980,0,42229.611070784646
Belize,70757,688,17795.086275624275
Benin,27999,163,230.95391166588223
Bhutan,62627,21,8116.384918845223
Bolivia,1194277,22365,10231.080553299404
Bosnia and Herzegovina,401729,16280,12244.79283348802
Botswana,329758,2801,14022.558868867272
Brazil,160433,2043,18191.02314796442
Brazil,337535,7242,10113.841581826577
Brazil,185668,2167,21953.552607152866
Brazil,631976,14443,15248.189389704234
Brazil,1792572,31459,12052.4728462138
Brazil,1453572,28157,15917.209642756008
Brazil,897897,11844,29778.34806060357
Brazil,1323318,15041,32929.41659512523
Brazil,1898605,28036,27051.9982320641
Brazil,493391,11053,6973.545977127652
Brazil,878360,15087,25207.87977268253
Brazil,607356,11010,21855.30981444311
Brazil,4189760,65507,19792.1553479365
Brazil,871612,19021,10131.648003310524
Brazil,707743,10542,17613.75387089557
Brazil,2918459,46018,25524.488154013525
Brazil,1156640,22686,12102.45272845624
Brazil,424866,8354,12980.034687481191
Brazil,585935,8715,16708.285177622216
Brazil,2961756,41919,26032.291314263504
Brazil,2752662,76844,15943.649509876748
Brazil,482910,7432,27172.13633614202
Brazil,182485,2180,30124.917252843945
Brazil,1985888,22703,27717.33092451584
Brazil,6469442,179039,14088.79787558318
Brazil,359674,6502,15646.871095612469
Brazil,365538,4232,23240.25059986038
Brunei,279661,225,63924.99822850259
Bulgaria,1297523,38228,18673.573727646977
Burkina Faso,22056,396,105.51455135409864
Burma,633950,19490,1165.1394967604544
Burundi,53631,38,451.030087931146
Cabo Verde,63244,413,11375.065648898895
Cambodia,138719,3056,829.7101538126958
Cameroon,124392,1965,468.5927721169671
Canada,629269,5622,14258.966279384367
Canada,396817,5249,7764.105736798308
Canada,0,1,
Canada,13,0,
Canada,154712,2464,11231.222554785169
Canada,88866,834,11393.17916955665
Canada,54757,318,10502.622922520692
Canada,11511,22,25634.687332977017
Canada,140793,794,14404.009588145564
Canada,3531,7,9105.20887055183
Canada,1601325,16234,10884.610048772323
Canada,56523,93,35738.312320590805
Canada,1320325,18160,15464.692139802948
Canada,13,0,
Canada,153651,1890,13002.912836622192
Canada,4989,32,12145.187204829836
Central African Republic,15368,113,318.1936011780286
Chad,7679,194,46.74945766915448
Chile,183811,1961,30255.26143392798
Chile,293632,2922,30675.369610456903
Chile,79718,900,35262.84126899871
Chile,116955,718,40476.70136773908
Chile,36352,222,35239.14771515539
Chile,510730,4824,32806.292374446384
Chile,211158,1951,27872.479164081706
Chile,243060,2577,29329.993194225222
Chile,148252,1411,38523.32286136728
Chile,67653,774,40624.3807533642
Chile,346804,3354,33188.57361596249
Chile,1967389,30869,27659.80749093748
Chile,158355,1333,32948.82118312391
Chile,221916,2821,24264.915724040653
Chile,113542,1173,34348.58632978176
Chile,42,2,
Chile,492917,6461,27144.47145275461
China,2275,7,3.5974067046173306
China,40774,20,189.29433611884863
China,14715,11,47.437137330754354
China,17122,2,43.44582593250444
China,1742,2,6.6059916571861965
China,103248,10,90.99947117927024
China,13371,2,27.143727161997564
China,2534,2,7.038888888888889
China,10483,6,112.23768736616702
China,3292,7,4.356802541026998
China,6603,18,17.500662602703418
China,9948,23,10.35710567412806
China,2876106,13467,38363.48677628936
China,72131,4515,121.90468142639853
China,7437,4,10.779823162777214
China,8847,1,34.913180741910026
China,5075,0,6.303564774562166
China,3423,2,7.364457831325301
China,40764,5,150.75443786982248
China,3547,2,8.137187428309245
China,3514,121,541.1632082939345
China,1276,0,18.546511627906977
China,782,0,12.96849087893864
China,7326,5,18.959627329192543
China,5880,10,5.85249328157659
China,67040,595,276.5676567656766
China,7167,1,19.2764927380312
China,14567,12,17.464332813811293
China,4392,3,28.15384615384616
China,1647,0,47.877906976744185
China,1521816,82195,
China,3089,3,12.420587052673904
China,9743,4,20.17184265010352
China,11848,1,20.65190866306432
Colombia,7851,265,10250.819308255755
Colombia,950809,18617,14839.922948003636
Colombia,17130,569,6533.828678663788
Colombia,417897,10230,16481.727395241287
Colombia,203497,3276,9830.250566395023
Colombia,130254,2903,10699.57022316852
Colombia,119792,2580,12000.140244727048
Colombia,1874877,30051,25293.22504514631
Colombia,25704,1041,6402.167929881018
Colombia,43079,1029,10244.611228430644
Colombia,76788,1854,5243.334189150065
Colombia,109404,2694,9112.6411199976
Colombia,18891,430,3532.176820124676
Colombia,122594,3961,6868.846240691445
Colombia,330221,7398,11312.580077148124
Colombia,2795,37,5809.120006650871
Colombia,5683,105,6866.263124192009
Colombia,103346,3593,9391.795242760269
Colombia,58097,1548,6597.733260652312
Colombia,117751,3655,8775.953123765601
Colombia,107879,2609,10375.75428816549
Colombia,108552,3418,6657.214067038229
Colombia,125260,5192,8397.19271242196
Colombia,21998,791,6317.9601472792965
Colombia,73182,2086,13554.631934566143
Colombia,110026,2514,11662.696986753246
Colombia,10375,157,16930.483028720628
Colombia,295934,8382,13544.900603569053
Colombia,67157,1747,7421.786502487117
Colombia,127417,4092,9578.878759151909
Colombia,0,0,
Colombia,569412,15428,12721.77173413264
Colombia,1964,22,4814.079466627448
Colombia,3477,65,3225.1780943900267
Comoros,9008,161,1035.8845209551573
Congo (Brazzaville),25087,388,454.6317821449878
Congo (Kinshasa),95749,1464,106.90877512371289
Costa Rica,1209725,9245,23747.50545433416
Cote d'Ivoire,88263,834,334.6048974013653
Croatia,1269326,17987,30919.44301809285
Cuba,1112643,8530,9823.260539599823
Cyprus,650685,1330,53893.16037208424
Czechia,4618256,42491,43125.07015139254
Denmark,34658,28,70926.02066919062
Denmark,11971,21,21086.09878108927
Denmark,3404407,8296,58775.68517539872
Diamond Princess,712,13,
Djibouti,15690,189,1588.0534654788148
Dominica,15760,74,21891.625342056646
Dominican Republic,660790,4384,6091.407151095733
Ecuador,1057121,36014,5991.710054831759
Egypt,515759,24812,503.9937546711442
El Salvador,201785,4230,3110.9890057369485
Equatorial Guinea,17229,183,1228.0245334055603
Eritrea,10189,103,287.3032491575324
Estonia,615433,2946,46393.88664788596
Eswatini,74267,1425,6401.422557500491
Ethiopia,500116,7572,435.0212362466121
Fiji,68898,883,7685.700389539113
Finland,1463644,8967,26416.14317855556
France,98041,413,32824.5424900061
France,78055,649,27787.07316378549
France,201886,1010,50455.48038497777
France,229020,1092,61028.87292979628
France,42004,187,15396.626993581684
France,80017,314,28027.85376771948
France,494595,921,55243.00017424172
France,5441,6,55042.99443601416
France,3452,2,59568.59361518551
France,12271,63,31741.638428309063
France,3427,7,22414.80803191837
France,38618509,161512,59164.13536933634
Gabon,48981,306,2200.673217931392
Gambia,12598,372,521.2971269485539
Georgia,1827537,16971,45812.4048205456
Germany,5063979,19297,45746.99763756972
Germany,6741523,28680,51553.61959622752
Germany,1430661,5564,39251.8325977701
Germany,1113946,6506,44346.44934526101
Germany,303612,968,44453.61983993816
Germany,807013,3614,43831.316781258094
Germany,2928587,12436,46739.168078695024
Germany,711570,2770,44205.81794461615
Germany,3860773,13718,48365.77701477041
Germany,8048396,31400,44881.23925458651
Germany,1769913,6971,43328.778283821855
Germany,492792,2132,49751.39044672992
Germany,1955828,16814,47961.21175976971
Germany,961147,6286,43523.88081261737
Germany,1175406,3481,40577.24758277661
Germany,883914,8298,41243.779585609
Germany,0,0,
Ghana,171229,1462,551.0549450655546
Greece,5548487,34779,53232.82346367514
Grenada,19680,238,17490.379402589784
Guatemala,1238247,20182,6911.570256191166
Guinea,38267,467,291.3851068379062
Guinea-Bissau,8960,176,455.2850155335524
Guyana,73075,1298,9290.466449433545
Haiti,34202,860,299.950896875282
Holy See,29,0,3584.672435105068
Honduras,472250,11111,4767.982740962591
Hungary,2196804,48762,22740.418307825286
Iceland,209137,263,61285.567765567765
India,10751,129,2577.9549007759524
India,2339096,14733,4339.422566590567
India,66891,296,4259.330717535903
India,746100,8035,2095.372209972304
India,851427,12303,682.2335776064483
India,99370,1182,8577.670778688844
India,1177804,14146,4001.2051814649776
India,11591,4,1882.499301635148
India,2007605,26523,10729.588846557108
India,259167,4013,16338.345153664302
India,1277848,11046,2000.626279905347
India,1056770,10714,3746.787945778667
India,312820,4213,4197.82459770624
India,479513,4785,3524.1931690567326
India,442579,5331,1146.7575175258048
India,4074536,40312,6030.748984728049
India,6831358,71589,19135.755143294533
India,29425,231,10727.736073994947
India,11415,52,17717.17704760279
India,1054978,10777,1235.9311057719597
India,8138129,148424,6608.616142715846
India,139924,2149,4526.021778754635
India,96788,1625,2874.8540860365165
India,238969,726,19283.450232561143
India,35988,782,1599.6835126539374
India,1336717,9205,2883.569265852645
India,175872,1975,12441.936638600057
India,785724,19289,2606.7956492891017
India,1315637,9656,1623.5879818822252
India,44325,500,6421.577078483045
India,3595123,38049,4618.530939379494
India,841897,4111,2138.817498744752
India,108034,940,2590.8713955653443
India,0,0,
India,2128222,23648,894.6517659069191
India,449488,7753,3995.14419255847
India,2118857,21533,2127.167780704178
Indonesia,6738225,160941,2463.489250166076
Iran,7572311,144933,9015.412281075533
Iraq,2465545,25375,6129.765221224547
Ireland,1704502,8708,34519.49007208884
Israel,4803824,12329,55499.98550061747
Italy,651674,3931,49686.18002714284
Italy,199646,1021,35469.35432578451
Italy,631613,3347,32438.135903542185
Italy,2444797,11791,42139.37933968229
Italy,2136671,19283,47913.040026891045
Italy,575033,5998,47319.25083523971
Italy,2385069,12787,40568.7316489207
Italy,661284,5880,42645.87525150905
Italy,4118413,45558,40936.16328452035
Italy,714100,4399,46817.90973538473
Italy,101826,719,33318.17274562606
Italy,293808,1610,55194.0757216551
Italy,243951,1647,45057.79268513422
Italy,1719738,13828,39476.0727076402
Italy,1626850,9646,40377.97467543862
Italy,509829,2923,31094.88890827041
Italy,1817733,12692,36355.45254886556
Italy,1589964,11574,42630.4837382472
Italy,438301,2449,49693.14580817786
Italy,50448,567,40144.5100504512
Italy,2692762,16672,54888.75127551697
Jamaica,154416,3514,5214.711391916887
Japan,2100094,4285,27807.56806027987
Japan,199130,588,20603.42062514873
Japan,277922,640,22298.496996480186
Japan,1456535,3874,23269.629493774304
Japan,314430,683,23478.679674286803
Japan,198871,196,25896.785804043822
Japan,1579850,3164,30955.12080599113
Japan,401096,826,21733.506943033368
Japan,538509,1102,27107.24473682753
Japan,437760,1077,22536.417813324988
Japan,796053,1346,28388.115300852976
Japan,1333535,4532,25400.42959599044
Japan,1461481,3796,26736.739849877154
Japan,634322,1279,22176.71040206524
Japan,277113,501,24358.391735939644
Japan,233500,609,19033.009024988263
Japan,251256,613,26272.47223026789
Japan,439610,877,27436.64781220179
Japan,2207465,4249,23998.702799266124
Japan,168352,584,24118.195662357863
Japan,532492,1292,30470.476954531645
Japan,674377,1645,26108.71957992332
Japan,457736,1038,25702.76975116824
Japan,534019,938,23154.140823330217
Japan,318969,773,29718.50394251007
Japan,454729,861,22195.00290415318
Japan,335188,635,25268.144413519847
Japan,344394,855,25891.891201039303
Japan,452535,431,20355.97942698189
Japan,301877,762,26586.92623261237
Japan,488838,838,25870.11123071403
Japan,576111,926,39645.17523094371
Japan,2818795,8401,31997.716520479404
Japan,22118,8,
Japan,260131,489,31929.23625678308
Japan,1790744,3892,24364.88163519211
Japan,372032,669,26311.668857938403
Japan,166928,296,24754.05800583084
Japan,862305,1375,23666.75925092383
Japan,419841,1058,21708.540375079498
Japan,165538,411,22739.4546805737
Japan,4323708,7998,31059.64134035857
Japan,140744,260,25333.808531242463
Japan,235567,312,22574.65725988067
Japan,173,0,
Japan,237568,516,25684.887445901488
Japan,224910,355,20870.102610641887
Japan,311938,741,22964.71565209197
Japan,189249,401,23336.531205145533
Jordan,1746997,14122,17122.150632060326
Kazakhstan,1498668,19071,7981.527325318545
Kenya,342937,5688,637.7695908412109
Kiribati,5014,18,4263.387922384913
"Korea, North",1,6,0.0038791542590301
"Korea, South",30615522,34093,59715.252337842016
Kosovo,273312,3211,15097.05772202969
Kuwait,663860,2570,15545.022986430597
Kyrgyzstan,206708,2991,3168.3315218699145
Laos,218023,758,2996.650702709181
Latvia,976255,6269,51757.71205841156
Lebanon,1232828,10841,18062.24417407693
Lesotho,34790,723,1623.9919486596348
Liberia,8090,295,159.95485674549798
Libya,507187,6437,7381.251867372153
Liechtenstein,21432,89,56197.39360725804
Lithuania,1307448,9596,48027.48861161426
Luxembourg,317367,1220,50699.54758648894
MS Zaandam,9,2,
Madagascar,67889,1423,245.1661313005491
Malawi,88707,2686,463.70731138677536
Malaysia,398660,4715,10579.58707074996
Malaysia,318825,2740,14585.525412873416
Malaysia,260181,1424,13750.184969876334
Malaysia,145426,1203,15591.937386083411
Malaysia,231174,1537,20419.92756823602
Malaysia,182784,1032,10898.81342794109
Malaysia,239281,2125,9516.803881796126
Malaysia,19014,198,7468.185388845248
Malaysia,307725,2064,17311.262376237624
Malaysia,406937,3202,10421.722539503677
Malaysia,324659,1788,11520.492530428302
Malaysia,1551065,10985,23709.70207432092
Malaysia,133075,899,10645.14838812895
Malaysia,0,0,
Malaysia,470285,2865,26444.27575348628
Malaysia,22981,158,23119.71830985916
Malaysia,32646,32,30973.434535104363
Maldives,185738,311,34361.437224119494
Mali,33062,743,163.26241180980497
Malta,117610,828,26636.37866643717
Marshall Islands,15649,17,26790.26928937052
Mauritania,63668,997,1369.304422258832
Mauritius,296042,1044,23278.00611275493
Mexico,90837,3630,6331.715035531685
Mexico,175704,12508,4833.848161748927
Mexico,128552,2780,15974.98720032608
Mexico,44242,2298,4421.471951805735
Mexico,57462,2453,1002.7629992982996
Mexico,172643,10239,4541.459697218484
Mexico,1858660,44044,20609.08262826622
Mexico,187173,9039,5815.13769448725
Mexico,70936,2255,9034.672223120844
Mexico,81548,3696,4363.19820909194
Mexico,368546,15219,5917.399559260939
Mexico,119037,6879,3255.00239537463
Mexico,127406,8647,4127.962094521345
Mexico,296024,20146,3520.0333710160407
Mexico,743439,48238,4265.824869360946
Mexico,115872,9037,2401.2926594079954
Mexico,99708,5461,4877.943776546458
Mexico,76268,3274,5918.804629314178
Mexico,422027,15503,7522.557762684903
Mexico,157238,6404,3794.725978154708
Mexico,221279,16748,3350.4525962869584
Mexico,185519,6426,8138.093915829581
Mexico,120075,4459,6967.902097131076
Mexico,252685,7666,8816.206594090592
Mexico,182235,9972,5773.006651938084
Mexico,201304,10349,6547.014467866441
Mexico,221468,6182,8609.770216153951
Mexico,183092,8329,5015.391981925173
Mexico,60467,3142,4381.63174061656
Mexico,0,0,
Mexico,235708,17162,2760.0914394167025
Mexico,142925,7010,6326.640101491835
Mexico,83365,3993,5002.62237867148
Micronesia,23948,61,21041.163291306068
Moldova,611140,12003,15173.461711303502
Monaco,16121,67,41078.89104066864
Mongolia,1007900,2136,30744.668260179387
Montenegro,288808,2808,45983.99521066392
Morocco,1272490,16296,3447.4959712069376
Mozambique,233214,2242,746.1550287174055
Namibia,171156,4090,6735.995995145058
Nauru,5247,1,48430.86579287428
Nepal,1001154,12020,3436.045568203628
Netherlands,44044,282,41252.83329899032
Netherlands,11804,41,45017.35250371839
Netherlands,45986,301,28023.15661182205
Netherlands,216395,464,43832.87217277519
Netherlands,195741,341,46272.17088513336
Netherlands,292969,624,45075.13573974893
Netherlands,1053625,2952,50510.510308962046
Netherlands,263961,368,45054.841892173295
Netherlands,566571,2209,50713.43473555788
Netherlands,1305321,3783,50930.312861521175
Netherlands,1414184,3508,49111.677021955344
Netherlands,599261,1459,51553.50196058864
Netherlands,11020,91,25698.42824495126
Netherlands,0,2,
Netherlands,708169,1581,52269.79836644194
Netherlands,180656,402,47108.64485981308
Netherlands,1803128,5299,48618.92158321955
New Zealand,7031,2,40271.49321266968
New Zealand,792,0,48000.0
New Zealand,2228291,2548,46208.69626166965
Nicaragua,15655,245,236.31779588482485
Niger,9508,315,39.27848545332776
Nigeria,266598,3155,129.32887073262643
North Macedonia,346852,9662,16648.523073083164
Norway,1479506,5213,27290.904925476487
Oman,399449,4628,7822.176773608855
Pakistan,44343,793,1096.1430931094983
Pakistan,36047,378,292.01076309208185
Pakistan,12095,191,1193.290343967545
Pakistan,139844,1031,6969.298883867611
Pakistan,225115,6376,737.5168358697996
Pakistan,524161,13618,476.4561084827114
Pakistan,595806,8257,1244.2161914750498
Palau,5991,9,33268.54731230564
Panama,1031731,8609,23911.621667723502
Papua New Guinea,46825,670,523.3582060275442
Paraguay,808401,19878,11334.000698209473
Peru,51138,1409,11981.724461105903
Peru,159243,7382,13488.3110282907
Peru,46163,1694,10718.13327141862
Peru,291043,10600,19436.55669827701
Peru,55696,2407,8335.228973361269
Peru,111937,4605,7700.144458966774
Peru,170402,10884,15081.157624568546
Peru,146229,5287,10775.108687642767
Peru,30172,1300,8259.512729263619
Peru,60660,2976,7978.429567276075
Peru,130224,9114,13353.568498769484
Peru,155282,7614,11405.214836577305
Peru,181814,11027,9014.974216580722
Peru,129893,9486,9909.4446139762
Peru,2110001,96723,19852.29336218657
Peru,64716,4471,6297.781237835734
Peru,21303,888,12257.192174913696
Peru,64321,1718,33378.82719252724
Peru,29033,1140,10677.822728944466
Peru,181347,13228,8854.833984375
Peru,78232,4843,6319.224555735056
Peru,70196,3239,7803.023566029346
Peru,66032,2256,17798.382749326145
Peru,33866,1752,13465.606361829026
Peru,45826,3301,7778.984892208454
Peru,2784,195,
Philippines,4077452,66188,3720.945088287819
Poland,6444960,119010,17029.16285357696
Portugal,5570473,26266,54630.11735063094
Qatar,495090,688,17184.300222834652
Romania,3346046,67736,17393.18697543706
Russia,54892,1029,12107.38989271598
Russia,320691,8861,13645.960988562092
Russia,40254,631,18459.8029009965
Russia,129144,766,16174.864483031572
Russia,277116,1795,23992.14564495406
Russia,134664,3121,13234.60905697612
Russia,356814,6020,8781.399716929101
Russia,168582,2336,10877.128234774911
Russia,188152,4146,15537.142583457062
Russia,155600,3124,15804.800555808924
Russia,47057,1076,3274.7127484636194
Russia,404282,8277,11573.943125693522
Russia,7457,45,15111.048066790954
Russia,110947,4716,9011.897325761887
Russia,103374,3631,3373.951698578765
Russia,43591,553,8931.79494429794
Russia,364565,8711,15163.7034433563
Russia,134774,3247,13282.859243519417
Russia,22510,562,13893.86102435592
Russia,74999,1935,8662.113029377659
Russia,201778,2080,20287.37209669425
Russia,60000,843,21785.464012228906
Russia,125656,1454,12415.9137439035
Russia,45835,629,14525.109568160427
Russia,51990,991,11149.355035867082
Russia,166710,1526,26781.41124912448
Russia,218261,2917,8099.108048345063
Russia,229418,1565,17271.524096176923
Russia,104162,2428,19378.50805468891
Russia,263154,2608,17174.42990439506
Russia,167182,1101,13028.136635604618
Russia,195725,3264,23276.404403518725
Russia,103604,1480,16104.482344821585
Russia,351663,11159,6275.863668973591
Russia,432528,11285,15036.622669865465
Russia,126942,1552,15013.180972565364
Russia,152631,2540,13685.969888014835
Russia,248849,3510,13719.638596197188
Russia,180099,3959,15658.04585459411
Russia,22734,395,15777.529477899385
Russia,52514,1087,7696.24215742167
Russia,86196,1396,10706.832816599092
Russia,3439248,48306,27499.75452701754
Russia,1142918,15476,15232.03194291643
Russia,147748,3412,19606.745077014744
Russia,8423,104,19144.4871241221
Russia,512578,11843,15845.975209227789
Russia,46439,1280,6617.457410956659
Russia,118176,1071,19485.68451183559
Russia,314863,5758,11290.069846018912
Russia,237613,4623,12122.611259432646
Russia,137045,1981,18339.986644309043
Russia,243942,4030,12334.5064013106
Russia,227708,6235,17099.624151901207
Russia,464121,9262,17693.4584056708
Russia,214604,1966,11217.974351776782
Russia,127429,1965,20018.82032091946
Russia,446218,11081,10572.753818785286
Russia,152902,3499,13634.020940298216
Russia,1889985,37204,35314.04996510608
Russia,220267,2142,22841.454688747628
Russia,70212,834,14323.688596661234
Russia,519743,8235,16274.956051546978
Russia,313794,6001,12740.575326336304
Russia,147340,3196,15520.125391321202
Russia,252978,7128,9032.754258439218
Russia,582157,10936,13459.48077986598
Russia,140923,2530,13634.824372648884
Russia,199811,2010,5130.8790011206165
Russia,163415,983,15155.154505323291
Russia,191150,5366,12812.90742062734
Russia,186301,2772,14510.858940097658
Russia,265894,4371,7201.115805438198
Russia,54106,358,16817.62515463661
Russia,241017,3977,15929.278989903796
Russia,229351,4820,18397.85724255546
Russia,181641,3607,13178.272077148042
Russia,269046,6915,10671.025306233829
Russia,222415,3894,18901.76588716305
Russia,484179,8621,20746.663764350185
Russia,154098,1060,28613.65860361305
Russia,193517,2896,15289.519342900756
Russia,193447,2379,18031.87155925676
Rwanda,133194,1468,1028.3496815099263
Saint Kitts and Nevis,6597,47,12402.24093848699
Saint Lucia,30004,409,16339.467077640242
Saint Vincent and the Grenadines,9589,123,8642.86551236176
Samoa,16607,29,8467.343088767655
San Marino,23616,122,69585.7151275856
Sao Tome and Principe,6281,77,2865.9296133892435
Saudi Arabia,830127,9618,2384.4722564143767
Senegal,88926,1971,531.0939546450564
Serbia,2500142,17881,28614.35420498388
Seychelles,50665,172,51520.23591620907
Sierra Leone,7760,126,97.27986200299988
Singapore,2235294,1722,38207.91362147484
Slovakia,2667551,21035,49083.57609382061
Slovenia,1331707,7078,64057.26594232038
Solomon Islands,24575,153,3764.218252667502
Somalia,27324,1361,171.9223777134135
South Africa,4067067,102595,6857.455458888066
South Sudan,18368,138,164.09187679994756
Spain,1633494,15575,19383.11971478765
Spain,465284,5448,35233.146497085385
Spain,265836,3460,26006.13379899336
Spain,315314,1628,26536.66829375032
Spain,1587186,10391,31903.43497617774
Spain,465160,2270,21077.52001562372
Spain,162858,989,27999.745547511266
Spain,611185,8110,30035.47634574473
Spain,848587,9433,35244.231814740255
Spain,2682569,21125,35453.55795883158
Spain,24701,194,29118.579730988225
Spain,310495,2719,29142.857679196262
Spain,752348,4070,27860.19024300105
Spain,111161,965,35450.02567201686
Spain,1989045,20608,29948.05958580467
Spain,25460,170,30062.936154636376
Spain,465199,2545,31270.455741656544
Spain,258093,1762,39709.91436211624
Spain,796454,8017,36570.150788840525
Spain,0,0,
Sri Lanka,672039,16830,3138.425974571818
Sudan,63829,5017,145.56457030104653
Summer Olympics 2020,865,0,
Suriname,82467,1404,14057.657755943228
Sweden,32341,212,20263.022693382456
Sweden,81036,663,28140.82218039629
Sweden,76018,841,26451.900258192927
Sweden,12356,101,20701.67208390577
Sweden,113192,651,33905.250293546764
Sweden,35377,225,27044.56845806896
Sweden,92621,859,25473.39239106818
Sweden,65694,455,26765.154046103828
Sweden,54019,445,26812.561734063303
Sweden,52095,557,20830.251146573475
Sweden,104344,628,34233.034235002706
Sweden,101906,1031,21891.964467931983
Sweden,357548,2996,25950.13742654194
Sweden,71803,794,24132.21751697251
Sweden,620000,6239,26082.409476160046
Sweden,97754,823,25475.81134858605
Sweden,73008,515,25851.40963266693
Sweden,62564,464,23023.81723437454
Sweden,58776,791,23956.274174944057
Sweden,81139,642,29414.70753502873
Sweden,455748,3845,26406.6873672055
Switzerland,4413911,14210,51000.6449735852
Syria,57467,3164,328.3705291749904
Taiwan*,9970937,17672,41865.18535779928
Tajikistan,17786,125,186.4821514584003
Tanzania,42906,846,71.82818328919811
Thailand,4728182,33918,6773.901848507746
Timor-Leste,23419,138,1776.2631954989297
Togo,39396,290,475.8696888184756
Tonga,16810,13,15903.951862399124
Trinidad and Tobago,189918,4355,13570.505276561264
Tunisia,1151126,29341,9739.937444462626
Turkey,17042722,101492,20207.38740209208
Tuvalu,2805,0,23787.31343283582
US,19790,232,35422.148239632
US,69860,727,31294.516068340843
US,7485,103,30320.829620027547
US,8091,109,36130.21345003126
US,18704,261,32345.31179746135
US,3030,54,29997.02999703
US,6551,132,33684.69765528589
US,41421,680,36460.54310989833
US,10859,172,32654.718229385937
US,6755,89,25786.37959993892
US,13009,219,29281.0840010804
US,2259,39,17944.237032329813
US,8553,107,36207.77241554483
US,5162,93,39002.64450321118
US,4428,72,29698.18913480885
US,17185,245,32832.14244774751
US,21291,279,38542.02494523995
US,3604,76,29866.57827131847
US,3776,64,35412.172934446215
US,11804,261,31860.50905557505
US,4738,110,34403.136799302934
US,31520,398,37627.73374080795
US,16507,245,33569.91783942081
US,11031,259,29656.4146682439
US,22522,345,31493.57459482891
US,29837,362,36741.0016131217
US,12367,179,33759.17888242841
US,34229,692,33469.9026088317
US,5887,100,36112.13348055453
US,12033,154,38368.08876984886
US,7969,172,30333.8281755548
US,2309,54,28467.513253606216
US,5728,110,39096.30741928879
US,5866,79,34094.73990119151
US,32660,531,30845.6583744168
US,18379,256,35600.27892922171
US,238727,2535,36249.13259426062
US,4737,73,34313.65447301702
US,30406,420,32790.173516375675
US,9389,181,28517.1911067914
US,47646,372,28956.740528254184
US,32150,320,32502.653793661226
US,3370,80,34649.393378572895
US,5293,90,29294.88598627408
US,116086,1060,31129.846691820258
US,6093,116,32301.330647298942
US,10113,160,34040.18984146218
US,32967,410,34065.968131936264
US,134986,1802,32667.65083129644
US,6742,88,32518.2076882265
US,73840,1010,32602.45666398806
US,46540,551,38887.35701334403
US,0,0,
US,2673,49,29956.292726661435
US,6339,122,31806.322127446063
US,9264,142,27976.082623663708
US,6527,79,28725.46430771939
US,13030,100,22480.63352944221
US,78112,482,35880.23996104767
US,33302,441,37203.95030833855
US,3176,55,25557.25436549449
US,28602,397,35762.33464202656
US,14611,253,36195.40713949513
US,70976,854,33902.22349597573
US,0,0,
US,24154,480,38025.22000598227
US,4397,61,26932.50030625996
US,3659,48,35274.26973874482
US,9427,141,39895.89064285412
US,1332,5,39916.09229847168
US,2003,3,35552.00567980121
US,124334,612,43171.52777777778
US,13021,47,70820.18927444796
US,0,0,0.0
US,1240,1,51070.84019769358
US,2407,13,35653.977188564655
US,1326,11,49129.307150796594
US,1803,2,85979.97138769671
US,2271,13,46196.09438567941
US,33699,172,34795.40315336245
US,798,1,31541.501976284584
US,11995,29,37514.85582035404
US,22694,130,38655.71983375349
US,5148,27,37033.30695633408
US,5899,13,45383.90521618711
US,4952,15,59562.184267500605
US,40792,277,37659.83179002372
US,7617,7,76139.54418232707
US,5532,17,56265.25630593979
US,5794,22,76026.76814066396
US,940,8,28781.38395590937
US,1848,10,29792.03611155892
US,3521,10,41457.67102319557
US,675,0,57058.32628909552
US,2482,21,36007.54388510083
US,6,0,
US,0,0,0.0
US,786,2,31414.868105515587
US,983,5,36046.93802713605
US,1757,13,33594.646271510515
US,8320,34,14953.002282489531
US,36336,639,50545.99579896226
US,39086,643,31039.85006591382
US,52821,526,36815.21648219911
US,21401,415,39618.27538968492
US,14101,189,36308.15974457347
US,2717,40,28606.02232048852
US,5950,159,28188.36460109911
US,1530296,18846,34117.16287504342
US,67291,1669,31713.96119350932
US,48374,971,43610.039306191626
US,0,0,
US,317052,4301,30273.881172065896
US,156974,1814,33919.12945208292
US,19628,245,42212.56828250678
US,0,0,
US,60313,1388,25654.29882730254
US,71174,1257,33292.014949459044
US,7009,95,40083.49536772275
US,6249,82,31790.20196367706
US,10722,283,25569.970428312507
US,77394,1002,27725.77299644265
US,11277,203,30126.62962171404
US,3595,57,33401.46799219548
US,1194,14,23010.21391404895
US,7284,123,25665.96194503171
US,3126,65,30895.43388021348
US,6412,92,28727.598566308243
US,5146,101,35365.26699195932
US,8055,148,32324.73213210803
US,2677,42,33647.56158873806
US,6794,105,28963.63558852368
US,6606,84,31689.53276407944
US,47352,388,42917.73918718051
US,18657,295,29493.9690469039
US,16702,246,34828.48503805651
US,5745,104,34989.950666910285
US,2071,41,29547.724354401485
US,3656,44,32180.265821670622
US,5638,84,30945.716010758
US,42997,358,34122.707468632696
US,4488,82,25334.46232006773
US,3108,99,24909.83409473431
US,27083,581,27250.31694604874
US,5252,65,28754.44839857651
US,19801,201,43686.70711527854
US,5638,83,26184.283856585545
US,13058,161,38666.3113322081
US,4657,64,35274.958339645505
US,12797,231,33832.12161269002
US,4712,78,34573.33626825152
US,7280,76,43543.27411926551
US,22364,316,33467.01783790255
US,8197,103,30841.29731356761
US,1507,30,22750.6038647343
US,6526,90,39778.12995245642
US,3344,68,37755.44766851078
US,5502,70,42245.085995086
US,3888,109,31715.474345378905
US,6069,91,28272.617162023664
US,23994,270,32729.951302022942
US,4857,69,29301.39961389961
US,4100,95,24559.722055828443
US,11628,210,26881.198418753032
US,16411,235,40370.47059112937
US,2309,39,34457.54365020146
US,1770,67,19697.30692187848
US,2770,47,33567.619970916145
US,2051,54,26454.275764220303
US,6776,126,28979.55692412968
US,3017,43,28857.006217121
US,5887,106,33106.512203351704
US,2964,49,27654.41313677925
US,10113,139,42982.82896973818
US,4652,160,23301.943498296936
US,20964,230,32719.440629292047
US,2416,46,29967.74993798065
US,127945,1322,32646.44268724277
US,6456,107,35950.55128633478
US,37142,395,30335.601166314103
US,2852,49,27740.49217002237
US,2562,53,32508.5649029311
US,39338,587,30774.406033154184
US,7125,84,41894.514023637326
US,5714,123,32760.004586629973
US,8565,110,34268.22437384973
US,3702,80,29601.79114025268
US,33605,0,
US,11292,204,29191.87218861486
US,4340,67,26231.489876095497
US,80947,709,33842.55833301977
US,27120,340,34436.78336063388
US,2274,33,35981.012658227846
US,7596,118,35593.458600815335
US,402160,2192,24062.28815511488
US,143,0,12666.07617360496
US,11553,99,29062.688669752464
US,51967,487,23709.08725922276
US,9650,140,21021.67519878009
US,5346,22,24810.87854457697
US,295633,1559,25628.637759356963
US,8405,60,30220.768013806988
US,39170,245,20311.859906763533
US,329460,3001,32975.64510494935
US,7811,58,27510.30183495932
US,29324,170,21632.068929904544
US,88972,978,49097.48089286207
US,6072,63,33660.402461333775
US,310792,2625,34524.695568328
US,67356,481,44040.800313848566
US,14941,157,23205.355201441307
US,11319,66,37022.8633107644
US,3710586,35545,36961.31538392807
US,55217,388,35096.963648960445
US,54908,317,21214.252045775927
US,4545,42,26419.810498168925
US,21739,143,25059.65486633852
US,89409,903,32198.5738980121
US,1327,11,15009.614297025224
US,3633,8,25152.312378842427
US,122120,804,28134.294488562668
US,35992,170,26129.63178069462
US,22495,133,22550.248107864267
US,788663,7971,24834.36680887189
US,0,0,
US,91376,682,22939.8311446066
US,4290,15,22810.655606954857
US,776620,6853,31435.15643910293
US,409095,3719,26358.22888062173
US,18800,117,29932.492676092217
US,745179,8170,34181.190182951585
US,1067659,5799,31981.82923797228
US,209846,1178,23804.235499104416
US,227031,2421,29788.30883240525
US,74632,561,26361.391821582347
US,194587,912,25384.014307835
US,119952,763,26865.00977605773
US,497526,2727,25807.27151254349
US,72428,276,26509.71952286312
US,44785,607,24869.502443358502
US,372,5,12379.36772046589
US,8908,96,20459.81763476424
US,122718,482,27414.256449894223
US,119546,556,24183.1466856551
US,168343,1845,30571.132822431264
US,28309,241,29193.263965515463
US,17875,234,27464.507405814024
US,1981,24,16125.356125356126
US,168754,1578,36198.15742339579
US,17914,203,32882.99864165351
US,4384,0,
US,239184,1679,28272.13991390132
US,54973,443,24931.06575963719
US,21924,135,27869.019169166622
US,166371,1466,32153.8940244018
US,5953,68,36672.21092835582
US,197066,1368,30013.554882042063
US,3534,24,25190.67645591275
US,1027,17,28679.139905054453
US,3004,50,53864.08463331541
US,91179,447,27952.21278004636
US,18376,133,26078.19484850635
US,5662,56,27814.89487129102
US,392,12,21409.06608410705
US,1931,13,19907.21649484536
US,2303,58,28068.251066422912
US,961,19,24723.43709801904
US,3558,33,58703.18429302095
US,837,23,16515.390686661405
US,7202,161,23111.48193312368
US,224919,1524,30928.987597822364
US,424,8,20632.60340632604
US,100968,498,28753.196603199736
US,18833,39,34162.932864113776
US,237195,1904,32925.32096618143
US,5836,48,21833.963111227506
US,18767,210,39229.498944375926
US,18041,104,30037.79490850968
US,1171,7,18757.007848790647
US,4053,30,25759.501716028983
US,3970,16,22735.081892108577
US,161,0,19634.146341463416
US,1764,41,25576.337538060023
US,195,0,14008.620689655172
US,160677,1554,27566.004038560182
US,392,6,27880.512091038407
US,1877,32,26447.79484289136
US,15836,99,28167.410753988723
US,2203,2,27107.173618801527
US,109313,606,30628.55317610865
US,4408,51,30387.42589273404
US,2382,11,41782.14348359937
US,8661,119,38649.64969431925
US,51841,639,33617.145451008364
US,303,4,39401.82054616385
US,3738,55,28141.23315516073
US,7673,90,29305.27441469656
US,11179,183,26144.81500537911
US,6973,148,23988.57850557314
US,5320,137,29106.029106029106
US,1118,6,22576.73667205169
US,0,0,
US,3499,24,18567.25921995224
US,1123,20,26330.597889800705
US,8081,9,45483.19918950864
US,3226,52,26503.450542228064
US,61961,880,36788.69994775092
US,2236,15,35357.3687539532
US,3634,47,32253.48362474483
US,7882,34,30743.427724471487
US,1524,12,22332.94255568581
US,316,0,43406.593406593405
US,2713,8,33170.31421934222
US,582,12,25889.679715302493
US,12072,15,38928.12227919125
US,5913,67,23290.53095950843
US,261,25,
US,1262,35,25713.12143439283
US,106227,780,32736.40028105469
US,2342,27,23375.586385866853
US,264399,3017,28028.202160003053
US,237105,3494,26589.62454582156
US,41816,532,23188.212917214263
US,38840,547,23910.95569947549
US,257919,3165,30174.540834412583
US,73980,784,27895.29648650483
US,27913,317,18519.648887679887
US,3271,9,
US,31414,355,26899.69344590776
US,64447,724,35648.2249731727
US,186969,1608,33461.83376196638
US,78267,992,33415.30579570925
US,1110,0,
US,49,0,
US,177945,1432,25213.63827649773
US,89806,833,33379.79430797308
US,10746,154,36788.770968846286
US,56189,894,32162.21630748977
US,9245,177,32782.5254423602
US,175277,2513,29118.58617607677
US,774980,6770,39686.026778261534
US,4939,111,35015.95179014534
US,48860,1009,25864.16812238632
US,39070,1146,26106.363217223385
US,67269,979,30681.13403754584
US,106604,1174,27696.4006422414
US,25731,472,35894.03788745362
US,11287,175,29701.849951317072
US,4938,89,29347.4384880542
US,319149,3872,33322.61382086233
US,98081,1479,30812.463086995314
US,29013,438,25210.938382530567
US,3580,58,29525.77319587629
US,17803,246,38990.36355672361
US,5663,109,30475.729200301368
US,2311,38,16733.03888205054
US,5043,90,36974.85152870445
US,4585,64,31778.486276684223
US,10362,141,38467.53536028511
US,13827,174,32904.19304174004
US,53794,1286,27740.305280528053
US,30739,807,28938.722098266822
US,479640,4409,32584.94749885867
US,6384,107,32543.20232451445
US,42698,763,26699.098941365533
US,18364,301,39565.64829577283
US,5046,70,35420.468903551875
US,3157,65,37485.15791973403
US,109346,1811,29784.97376865204
US,243110,2557,31549.0859446882
US,114380,794,38960.15423288894
US,12803,192,30848.372406813964
US,2997,31,35875.02992578405
US,7053,108,38138.75520467204
US,123507,1743,30627.67046990351
US,105662,2497,28902.644845573734
US,40724,768,25294.4099378882
US,1552197,12285,57130.3378065029
US,22919,138,30876.488656571644
US,27713,355,31269.95768688293
US,62183,768,29507.25545464036
US,12495,200,29631.474103585657
US,475796,3301,34145.13022335897
US,144497,1273,38455.5197457891
US,481679,6031,32181.230249136475
US,159816,2280,28850.41348721087
US,277006,4065,28410.98835277273
US,260300,3450,35914.49507917608
US,21209,469,28460.43397163216
US,59416,695,32236.46731375432
US,122219,2063,28177.81077230243
US,132095,1282,27996.549575479097
US,78720,706,29742.47370330069
US,96060,1413,29260.090710545635
US,30228,720,22827.367467149976
US,16028,360,36085.28266204381
US,8109,116,37595.62334832399
US,3307,396,
US,5131,126,33674.60786244011
US,151166,2341,27321.59252752655
US,12188,143,36124.36646017961
US,20605,236,27817.904443034386
US,7746,124,30408.66800141326
US,5266,136,28641.35755466116
US,2449,58,29993.87630128597
US,4098,82,36707.273378717306
US,654,15,21527.32060566161
US,11199,262,24947.64981064825
US,4586,101,23843.19434335032
US,26052,291,31297.45314752523
US,35396,488,32853.77489836455
US,4991,125,29886.22754491018
US,5876,96,30293.34433159767
US,45403,836,29644.356518389388
US,3938,111,30591.15979181232
US,4689,116,24538.175728714217
US,4061,101,26272.886071035777
US,11203,112,28271.12827112828
US,17869,283,22446.236559139787
US,6296,124,28128.49037215744
US,7680,181,30798.84504331088
US,1571,25,25383.745354661496
US,13653,140,24975.30457688508
US,2581,110,23891.511617143387
US,28396,500,23664.91099406627
US,16998,205,25152.41195620006
US,3485,65,26022.99880525687
US,79653,1042,27520.64402446187
US,7924,24,72650.59136334465
US,7581,152,30582.11303400702
US,75790,713,29288.21785889564
US,35334,264,27533.487621852863
US,625,7,22053.63443895554
US,77902,1095,26655.39800722654
US,2457,46,37126.0199456029
US,216663,2102,28503.0014168424
US,11781,308,27224.828414946965
US,13042,278,28600.87719298245
US,43298,438,27628.67389001621
US,5707,83,33045.74406485235
US,41221,527,27756.56694207085
US,2225,64,17937.762012254112
US,5596,146,25013.40961916681
US,3942,44,24460.163812360388
US,8345,108,31963.382871150607
US,192315,1980,25328.033694325142
US,8566,144,32442.05423420694
US,5942,174,28837.66076195098
US,2844,76,21239.731142643763
US,24389,577,27728.637045795625
US,43478,462,29709.65471529216
US,3126,65,30677.13444553484
US,1059,12,26435.346979530703
US,16399,217,25505.474679606818
US,5334,121,27789.934354485777
US,6781,168,29943.47787688775
US,2836,70,26619.11019335461
US,5768,180,22025.355124484497
US,29631,387,25896.47005357408
US,32150,572,32640.256654957466
US,66837,466,27363.95198401651
US,6176,116,26450.811597927102
US,276219,2667,25961.96955270848
US,8267,199,26354.04380120501
US,727,31,24469.875462807137
US,27259,442,31959.621066454063
US,19761,305,34092.43827959216
US,6835,114,27747.330816384525
US,4758,91,25965.946299934512
US,257462,2122,27499.27903871829
US,11488,290,25344.158136251324
US,63629,935,31123.40479649385
US,1945,91,22998.69930235308
US,6292,186,21119.763694951664
US,7114,125,20189.57883982291
US,5609,112,21404.312154169053
US,2583,62,21664.010735553133
US,72008,758,30699.05056680352
US,49515,545,31365.804526709868
US,2226,57,23640.61172472388
US,24990,314,34243.66581251627
US,3797,83,26703.70630846051
US,4357,77,28825.66986437314
US,4238,122,27587.5537039448
US,1789,69,20620.10142923006
US,2645,86,27429.22327076636
US,6040,127,21019.66243257352
US,5842,131,30623.26361587252
US,2698,32,25885.06188237552
US,16454,330,34606.48635006099
US,8668,113,28901.040277407308
US,15774,168,25675.91763652641
US,1838,40,23204.1408913016
US,3479,36,17787.207934966
US,36984,434,31500.945437200822
US,8941,139,26602.20172567688
US,2737,54,21140.03243994748
US,8025,123,26857.4297188755
US,1872,57,22395.023328149306
US,6165,114,28927.364864864863
US,2857,39,19870.635693420503
US,5576,159,26342.89223791752
US,2033,32,35554.38964672963
US,6277,127,28710.606961533183
US,7074,185,25650.88113713829
US,2329,57,25392.49890972525
US,5534,75,28709.27578335754
US,13523,206,33726.556264964085
US,45908,928,23450.08658163448
US,30775,498,27540.628579610537
US,10559,117,26214.00198609732
US,3758,65,24628.08834130677
US,99220,1654,
US,46667,477,27668.12713808866
US,7951,151,28864.444928483263
US,10130,194,31082.200607529685
US,6431,144,33038.78756742872
US,6495,109,34252.71595823226
US,13752,215,32271.841926172765
US,2699,84,24234.53353685912
US,5270,115,23825.670238256705
US,551,5,23966.94214876033
US,4116,106,24018.20622045866
US,1825,50,26925.346709943937
US,60659,972,29952.39929290236
US,23742,351,26119.96127442352
US,1412,11,26859.425527867606
US,3174,76,22726.62179578977
US,2510,39,31025.957972805933
US,19289,452,28917.73983179168
US,7270,183,28042.43008678881
US,3287,36,49645.06872073705
US,8733,190,29579.32529467552
US,1381,35,22292.171105730427
US,337,4,21925.82953806116
US,5725,144,22640.98710749031
US,2440,53,30423.94014962593
US,3520,90,22194.19924337957
US,2547,71,29855.81995076779
US,13776,235,30991.42876425727
US,13823,240,34009.939966538725
US,7999,216,29813.641446142377
US,3085,127,25629.309628645013
US,1882,71,27271.40994058832
US,18779,426,26857.06930579789
US,3186,65,39899.81214777709
US,1852,74,22807.88177339901
US,12410,2,
US,6138,182,25041.817959283588
US,9619,259,36546.352583586624
US,19976,291,28634.910623414227
US,26614,480,28135.274280337868
US,11350,304,31762.46711815078
US,1291,35,24571.754853444992
US,5134,141,25198.782762344163
US,8867,222,29628.763324088617
US,545,10,20905.25508247028
US,1590,39,20241.884150222788
US,8336,185,27066.69264237937
US,39243,494,37507.16825324005
US,2414,73,27955.993051534453
US,2624,55,26838.498516927484
US,2670,67,29819.07527362073
US,5532,125,27322.566306119425
US,103,3,
US,61027,420,37159.69773913256
US,42594,237,21137.09785472897
US,264197,1355,27109.27872287374
US,19155,50,26496.3412778554
US,45510,185,27183.619345705632
US,9152,14,
US,0,0,
US,160373,1139,33300.94043236217
US,819,16,19073.125291103865
US,24459,273,27855.09293002916
US,1155,19,18857.14285714286
US,2770,45,29791.3529791353
US,11205,175,23936.68154920852
US,7310,33,31753.616263411663
US,1297,14,16562.3802834887
US,10275,201,22464.417674194887
US,35614,305,29912.146612689183
US,2416,69,19730.50224581462
US,555,12,21370.81247593377
US,182,2,16455.696202531646
US,70696,738,30757.584327101707
US,1664,35,23256.464011181
US,5610,58,23345.8177278402
US,118,1,13964.497041420118
US,2693,40,30756.052992233897
US,707,9,16384.70451911935
US,9096,74,33063.13838101123
US,2594,31,18694.1481695013
US,2415,30,18436.52187189861
US,4263,86,23536.881625441696
US,3932,61,25904.20976348903
US,3601,59,21605.56788864223
US,6853,69,22941.98386394831
US,7118,68,29157.791250204817
US,47262,669,28523.14767316246
US,7725,57,19260.49665902065
US,1796,28,22374.48610938084
US,1406,32,36633.66336633663
US,1300,15,24226.61200149087
US,13800,58,34580.39942867166
US,4821,71,22914.587195208896
US,10618,161,26276.974856464065
US,956,12,21099.09512248952
US,2613,56,22100.989596549098
US,6793,92,28362.07256481984
US,1660,20,21611.76930087228
US,3119,80,24212.07886974072
US,2937,9,24188.76626585406
US,28733,315,33072.814751720805
US,0,0,
US,3146,18,27615.87078651685
US,2645,61,25946.635275652345
US,27974,234,42750.82142584244
US,1574,16,27321.64554764798
US,5310,31,32326.798977231218
US,17550,127,32776.78171223667
US,2873,17,43675.88932806324
US,10275,136,31491.35711658698
US,1900,6,40092.84659210804
US,5022,57,35106.606081789585
US,5620,38,46266.56787684202
US,86054,315,41038.87185307765
US,13026,119,40323.17979197623
US,5933,54,38423.677222977785
US,5921,76,44910.49757281553
US,14392,118,38315.3186731271
US,18977,189,37488.394144722544
US,1533935,15289,29783.798131074847
US,7889,50,42261.74532597632
US,4004,40,37191.15734720416
US,5211,42,33322.67553395575
US,32553,217,31033.299331725408
US,7943,63,40806.57590547136
US,289813,1859,31401.712605954355
US,6660,60,38808.92721869355
US,2125,29,33229.085222830334
US,12823,147,37705.833921430254
US,8753,106,41024.55943007124
US,5516,71,42558.44456446262
US,15422,186,40089.42265200551
US,12788,139,37239.37099592312
US,1850,20,38318.14415907208
US,4281,49,33009.484154522324
US,16326,154,31977.90574685627
US,2668,32,32873.33661902415
US,5396,52,30472.103004291846
US,1447,20,37869.66762627584
US,1576,19,23713.51188684923
US,15932,135,32572.11784188253
US,8886,131,32772.73733126798
US,20182,143,35562.995594713655
US,3224,33,33548.3870967742
US,13589,185,36060.39698545802
US,7873,80,36159.463555780094
US,5182,46,24403.108076289147
US,5572,44,44873.96311508416
US,166146,1216,31206.811381603784
US,36784,386,33482.00469680144
US,41814,171,32416.466392743623
US,16232,245,32660.616913821203
US,37187,421,34220.430849644334
US,210403,1544,30207.09655652624
US,6844,45,43653.527235616784
US,11614,92,34062.64664476772
US,13246,145,37157.76481149013
US,12678,101,44300.789712768186
US,40343,373,38787.989500908574
US,16079,149,35789.96572140854
US,87637,857,33326.36158286623
US,14693,223,39492.00376293509
US,3481,34,30433.642245147752
US,4730,67,35406.84182947825
US,4663,73,33858.55358698809
US,9086,109,30611.14480156324
US,98211,525,31910.102867688627
US,64188,332,37423.69561034766
US,4598,29,37700.88553624139
US,4931,51,31942.73498736801
US,11440,135,33028.264572566906
US,12176,112,42852.115154501305
US,12381,138,36784.71685780498
US,4939,51,34059.72001930901
US,17498,141,34551.66558063306
US,3,0,
US,59913,579,33437.51220846193
US,9157,101,43779.88143048384
US,5584,23,34165.44297601566
US,6159,70,39579.71852708695
US,1266,9,30308.834091453195
US,2057,23,38556.70103092784
US,1421,11,24760.411221467155
US,12948,135,40740.04153294318
US,6317,77,40720.68587636176
US,42574,519,30007.259707215304
US,10361,106,44106.25345877145
US,76600,445,39348.23703460179
US,2474,18,36554.37352245863
US,1575,14,31811.755200969503
US,7605,81,35152.99990755293
US,81204,802,31270.072318107254
US,1891,39,35398.72706851367
US,15058,189,33839.723133623986
US,46151,514,35015.13622603431
US,66,5065,
US,6858,70,41181.76905062151
US,35285,325,46575.93917474062
US,4837,30,41987.84722222222
US,5073,93,30117.54927570648
US,4140,36,29812.05443940376
US,6611,94,40770.8911501696
US,5445,55,40223.09226564231
US,19530,244,35396.465790666065
US,216951,1693,31408.35303434128
US,28971,275,43501.959547727376
US,100711,901,35640.827824412896
US,12654,121,32902.5715697236
US,8751,120,24459.848506023423
US,124359,1284,32786.535160915264
US,26876,270,32079.63809546545
US,2985,28,34122.08504801097
US,3701,82,31476.44157169587
US,17386,204,25626.81485193756
US,2984,63,19772.06467002385
US,4926,74,24317.51986967468
US,14090,182,37384.9133699488
US,41291,435,34903.04474987743
US,8155,101,31096.28217349857
US,10719,146,33084.354455384426
US,3098,41,29289.968800226907
US,9069,165,27192.58792839795
US,13654,164,31406.555491661875
US,16256,150,32868.29228840632
US,8582,155,32312.96359049663
US,30191,503,26452.008586323213
US,15090,179,35309.809060277046
US,61477,794,29793.8848798833
US,8378,163,36265.25841918449
US,24235,331,30863.961692264587
US,6424,111,39300.13458950202
US,5205,69,22871.07830213552
US,5774,115,28907.57985380995
US,14364,160,42675.06461867554
US,21036,392,31984.67363043379
US,9107,153,28528.914228431804
US,96944,723,28680.723408409787
US,25238,301,32286.869307133355
US,13373,166,33007.528076021226
US,47804,614,28068.65087986096
US,16226,258,33823.897273409486
US,30065,489,36422.9986431479
US,14368,175,39342.82584884995
US,15182,144,34324.342655603534
US,11067,163,32974.79292056493
US,5904,87,28890.19377568996
US,11231,180,34762.28797820973
US,8172,119,29464.57544618713
US,51015,661,32253.88355345932
US,14246,167,38929.87921517189
US,22957,256,28892.72049939589
US,6543,106,16516.887968899882
US,31801,405,28939.46563774025
US,134438,2008,27691.027471044898
US,14516,285,31994.710160899274
US,39768,701,30692.52676180259
US,268696,3238,27856.211291523166
US,14072,217,30420.68398979636
US,2619,30,25538.76157971721
US,10908,175,30712.918121410068
US,34476,325,23226.953938193503
US,12319,174,32132.60994313736
US,19602,305,27808.59424874803
US,3119,74,22304.061784897025
US,15737,177,32961.20978552279
US,1769,19,30110.63829787234
US,5941,106,30240.25246869592
US,6907,137,33208.32732342901
US,4345,52,25653.89384188463
US,5883,73,30690.17684803589
US,4497,55,36298.32916296715
US,47697,627,27993.004243231662
US,7909,63,31104.73119125339
US,3538,92,28640.815996114303
US,11196,138,29795.61422184373
US,7013,163,28433.0022298804
US,10091,150,35627.030080497105
US,6084,61,36692.599963814006
US,9473,115,39680.81095798601
US,17143,191,38326.36544523687
US,6156,64,30359.5206391478
US,84866,967,31220.70736426979
US,5626,112,24466.18830180474
US,11487,126,33205.18008903278
US,6403,86,30978.760462528426
US,2663,22,24769.78885685053
US,60936,463,31132.364661884618
US,3996,94,26379.720095062054
US,0,274,
US,2347,23,33271.90246668557
US,70796,691,39016.59401160644
US,4932,82,31823.461091753776
US,35132,453,32821.98845269904
US,10451,172,33717.253839205056
US,2380,30,28796.12825166364
US,24854,262,39452.04609670148
US,7179,95,25606.36324725353
US,23519,363,35697.589703114565
US,7610,144,26894.260672886627
US,8268,102,34304.2071197411
US,11448,91,33706.27723471911
US,1805,52,25237.695749440714
US,938,15,26041.088284286507
US,3248,68,23730.54723460217
US,3432,80,27619.50748430709
US,1311,25,23853.71179039301
US,7244,82,28247.2216806395
US,38980,528,29704.02657969336
US,6535,70,24910.42159030266
US,6386,89,25480.807597159044
US,5539,67,26158.205430932703
US,6988,66,35616.717635066256
US,3817,62,26435.348708359303
US,3072,26,31774.92759619363
US,5680,84,28167.617158442845
US,3333,88,25966.033032097228
US,5035,49,27030.65442637032
US,12769,181,30080.094228504124
US,3581,75,31873.609256786825
US,3163,37,26506.326992374088
US,2701,43,28749.33475252794
US,4843,54,30238.51148851149
US,4033,81,22981.36645962733
US,13865,173,29862.80126644985
US,5064,59,30107.015457788348
US,26870,160,28752.421003071064
US,1825,35,20277.777777777777
US,1847,29,23468.86912325285
US,4777,71,28081.82940450297
US,11291,165,28975.80003592784
US,4742,78,27477.112063970333
US,31008,330,31864.845700897124
US,2698,56,29300.608166811468
US,4959,88,25236.641221374044
US,4184,69,26748.497634573585
US,2960,50,29394.24031777557
US,1641,29,23577.58620689655
US,2051,28,23076.057605760576
US,3055,50,24975.474166121647
US,2773,48,25942.557769669755
US,3998,90,27062.88499289244
US,3287,51,30921.919096895577
US,5070,71,30096.16526178321
US,3846,101,27375.613922699125
US,6516,84,32655.106745514684
US,2312,37,25245.68683118585
US,3073,44,32151.07763130362
US,2148,51,31311.95335276968
US,4332,54,26767.177459218983
US,5537,75,28483.97551314368
US,10453,124,28110.79736452871
US,4424,63,24181.47034708937
US,44987,183,29765.118433240703
US,6467,84,31270.24805376916
US,2479,55,24194.8077298458
US,4362,98,29447.10727064065
US,9232,149,27429.658020619783
US,64756,668,28563.8668583981
US,2949,68,26724.05980969642
US,2186,34,25418.60465116279
US,3164,55,26916.20586984262
US,3704,46,22671.0735708165
US,5800,95,26250.282869427472
US,8910,136,26794.574925570625
US,11469,136,29132.058218395185
US,4004,47,26500.761135746907
US,2839,51,26818.43944832798
US,2091,53,24271.61926871736
US,2200,52,28545.47813675879
US,2596,60,26177.27135222345
US,11265,139,26403.993999624978
US,3887,73,28262.92445284665
US,1575,23,26435.045317220545
US,3845,56,25451.77732177137
US,2416,41,27188.83637182084
US,7174,114,28494.26063470628
US,1942,31,29339.779422873547
US,147524,1230,30097.049744879743
US,27969,354,30007.72482458211
US,4672,65,25248.594898400344
US,1318,42,26930.93583980384
US,2888,43,29708.87768748071
US,49015,449,28341.70796158272
US,3178,59,27745.765671381178
US,8987,99,25783.9621288194
US,23335,104,24027.719142889506
US,4671,101,27714.489142043432
US,1535,25,25077.60169906878
US,0,0,
US,3186,56,26027.28535250388
US,1699,28,24119.818285065303
US,10439,222,29852.15476564957
US,14506,157,28185.598259044807
US,6822,89,31058.5021625313
US,1520,35,23598.82005899705
US,12112,186,33734.40285204991
US,3466,48,33474.98551284528
US,4503,56,22525.136311340106
US,33209,357,32208.288477019018
US,2048,17,27746.91776182089
US,4051,71,32248.04967361885
US,5127,65,41450.40019403347
US,2585,38,32896.411300585394
US,5063,45,31500.03110806944
US,1234,13,27874.40704766208
US,7689,124,29826.60304899337
US,5619,64,38661.07059309206
US,3159,51,33030.112923462984
US,22573,238,33735.8580801363
US,798,10,30135.95166163142
US,1000,22,30769.23076923077
US,7447,99,37348.91418827423
US,733,16,27587.50470455401
US,609,8,30541.62487462387
US,2452,49,30642.339415146213
US,2672,50,30412.019121329387
US,2833,48,34637.486245262255
US,548,18,32235.29411764706
US,12437,176,35627.93628967572
US,15195,148,39144.21144829718
US,790,22,27944.81782808631
US,5906,107,31983.104083179896
US,2850,39,37500.0
US,34368,176,28110.813927808995
US,679,16,24267.333809864187
US,699,13,27628.45849802372
US,8442,92,29566.07011522432
US,2461,34,40331.03900360537
US,13435,128,36841.52795678285
US,12512,123,37217.04988250692
US,8235,104,32238.49044785468
US,11418,90,36053.04704767919
US,967,24,36684.37025796661
US,757,20,30499.597099113616
US,2800,40,39160.83916083916
US,1429,25,23864.39545758183
US,391,6,31737.012987012982
US,2222,26,37144.76763624206
US,553,6,21780.22843639228
US,1920,29,35320.08830022075
US,11960,137,34738.156786430045
US,1137,15,28654.233870967742
US,509,13,28372.35228539576
US,4640,40,35228.91200364437
US,5764,71,30268.34007246757
US,954,17,33136.50573115665
US,178296,1377,29597.56042901656
US,1381,22,35982.28243877019
US,2341,30,32732.102908277404
US,775,8,31313.131313131315
US,7991,89,40733.000305841575
US,370,12,24104.23452768729
US,24249,211,29659.48286406224
US,740,12,24983.119513842
US,3490,36,35968.257240028855
US,1021,16,36542.59126700072
US,12076,136,36378.97273685796
US,4032,56,33927.97038034332
US,2962,51,30514.06201710106
US,9609,142,33666.17616144629
US,1439,27,35680.63476320357
US,9651,107,28188.801588924263
US,1759,26,29419.63539053353
US,10986,181,34515.693235728424
US,1769,33,31476.86832740213
US,742,12,28681.87089292617
US,3796,67,37102.92249047014
US,6105,80,38139.56394077591
US,907,19,32981.818181818184
US,2457,39,45831.00167879127
US,4894,68,30685.309423788327
US,1012,21,29581.99356913183
US,1453,24,25473.35203366059
US,0,0,
US,2614,27,40754.59931400063
US,1691,33,32307.9862437906
US,7110,70,29159.66041914449
US,2281,40,24890.87734613706
US,805,11,31818.18181818182
US,22806,279,36785.05758250266
US,1551,22,33455.56514236411
US,3082,33,32316.24200482332
US,16451,110,22161.60146567518
US,1581,21,32134.146341463416
US,965,24,31785.24374176548
US,2155,43,31432.322053675613
US,17109,275,31552.449100029506
US,1577,38,32697.491188057225
US,171398,1709,33213.96320454537
US,8510,71,39714.3923837969
US,60744,740,34342.897526501765
US,902,19,35779.452598175325
US,1812,23,30623.626837924625
US,839,9,23416.131733184484
US,1401,32,33710.29836381136
US,530,12,26420.73778664008
US,1923,27,35059.25250683683
US,6649,85,29116.30758451568
US,3022,31,38858.17153143886
US,947,15,33785.23011059579
US,0,0,
US,1996,24,28798.15322464291
US,488,8,32147.562582345192
US,1633,27,30207.177210506845
US,598,10,28220.85889570552
US,3456,56,40539.589442815246
US,1036,17,33014.65901848311
US,54648,528,33034.11131059246
US,7849,115,40875.95042183106
US,8543,125,40079.75604034717
US,8514,79,37429.11153119092
US,1751,38,22198.275862068964
US,17377,239,39270.94397613505
US,4665,53,37320.0
US,11175,173,42927.9348494161
US,47400,353,35484.08830597166
US,7822,74,39529.00747928037
US,22965,212,49156.6419795368
US,11447,165,38080.50565535596
US,2761,29,33253.04106949295
US,5402,72,42771.17973079968
US,6698,89,32709.869609806123
US,29211,258,35764.48405896469
US,4769,58,37029.27245904185
US,5085,66,39891.73923276065
US,11819,105,30304.35117048281
US,30220,212,32291.844759788
US,1357,24,28508.40336134454
US,4334,55,40767.56655065375
US,12062,123,45012.50139941038
US,5400,84,33417.909524104216
US,20166,235,28620.08770809384
US,14559,83,40148.36058792709
US,9744,110,48962.36370031656
US,4788,58,46858.48502642396
US,2850,59,32364.297070179426
US,2776,35,41971.575446023584
US,38888,447,38309.14876220311
US,3299,57,27152.2633744856
US,3701,22,49235.06718105627
US,5308,58,37629.377569828444
US,123211,727,38127.87790265881
US,4992,74,34236.33495645018
US,16967,256,47674.84335047346
US,18619,192,36514.286834931656
US,1483,35,24845.032668788743
US,2809,57,31672.116360356296
US,6043,93,34206.951205705875
US,9998,74,39881.925884558616
US,13675,205,36695.64750711104
US,10071,151,38108.7524123056
US,4849,51,44319.53203546294
US,16837,159,47971.39438144623
US,3156,30,36184.36138500344
US,43810,491,39483.40813641198
US,12843,234,49377.16262975778
US,8537,91,45202.79572169861
US,6908,110,36291.04281586551
US,17694,185,39137.35899137359
US,6406,61,39724.66823762868
US,1109,31,25319.63470319635
US,19791,284,44289.03907264021
US,5233,84,39260.25958436492
US,283708,2681,37001.03161757897
US,19158,168,35402.38381225168
US,9104,138,41031.18802956553
US,54205,472,32458.472556557565
US,6088,77,41118.46548696474
US,15023,174,48235.67185744101
US,4832,80,33560.21669676344
US,27059,290,44495.420387088285
US,5560,80,36299.5364627538
US,3512,59,47440.22693502634
US,5226,60,52910.802875367015
US,9862,139,45756.97118730571
US,5767,95,43442.56120527307
US,8936,151,36400.6680516518
US,3104,67,33761.14857515771
US,10360,140,38225.96118367648
US,3623,41,44129.11084043849
US,35555,310,38236.52768666588
US,5149,62,42340.268070060025
US,8059,92,41814.97431640118
US,10265,129,33006.430868167205
US,4235,54,37829.38811969629
US,6323,118,37041.593438781485
US,23983,313,36661.16359411783
US,7724,91,44826.18536358888
US,3347,62,36352.775062452485
US,7499,69,26245.97508049839
US,2376,36,36615.811373092925
US,9476,118,43204.30401677837
US,3739,77,37126.40254195214
US,4508,90,42328.63849765258
US,11391,128,40455.30418723586
US,6747,36,50695.018408595686
US,13325,135,43514.46672327085
US,19282,171,41706.140635476826
US,2726,35,37501.71963131105
US,8965,123,37363.50754355256
US,23729,164,35522.986871060944
US,3129,40,28703.78864324374
US,2098,34,47519.818799547
US,4384,43,30047.978067169293
US,16035,211,62252.50407640345
US,25198,367,43537.908632248254
US,6503,51,52617.52568978073
US,22161,329,34104.86464857877
US,879,23,41698.29222011385
US,6680,70,40011.97963462114
US,9819,79,40143.090760425184
US,8412,100,46934.10701333482
US,22918,124,40204.19619675812
US,16931,186,34536.145561357705
US,7547,104,40636.44195563214
US,7089,67,36633.765696863215
US,11868,146,46055.3378089953
US,3570,48,29038.55539287457
US,5128,50,35001.023820899594
US,2761,48,32593.554479990555
US,2504,0,
US,5532,63,38467.42229330367
US,55374,428,41667.16831206357
US,5103,71,42190.98801157503
US,8354,106,41085.91944130232
US,4920,52,38015.76263328697
US,17191,234,47405.14008382969
US,3577,31,49979.04149783429
US,9530,60,35647.49008752899
US,18944,311,30532.677895076155
US,9060,147,35353.33827603699
US,45368,311,35834.57078765284
US,6803,73,31076.69818646933
US,14381,218,35823.535273017136
US,11209,145,29893.05811131557
US,5002,117,37776.60297560608
US,51124,549,40242.76009729296
US,88694,1289,36924.44755291336
US,68184,746,33516.19182445585
US,4607,58,46450.89735833838
US,1387,10,19891.00817438692
US,3141,63,33084.05308615968
US,4113,85,26247.606892150605
US,6468,91,33584.29825016875
US,9787,146,35637.03892509922
US,144599,1430,32859.00299732536
US,3349,39,48812.12651217024
US,8365,179,43715.70420695061
US,10224,165,30615.361581075013
US,8879,195,44361.72870347239
US,7541,100,33681.71870114788
US,23908,274,34237.43376772161
US,11668,157,35889.39128295038
US,5604,85,35594.51219512195
US,142493,1471,32946.89162599164
US,8197,174,26131.72660035705
US,5091,72,34186.14020950846
US,79177,542,32397.806784238302
US,35001,411,35856.536972155634
US,15460,161,33075.17864019511
US,47327,488,33615.55235139109
US,3940,65,35978.44945667063
US,8513,145,34224.49143684168
US,13037,188,34165.83678389853
US,114250,1196,29284.059219160103
US,64890,866,42334.56637895602
US,0,0,
US,7939,49,34224.2531361814
US,7975,98,36700.41417395306
US,42728,612,32956.929532272
US,2577,59,30525.94171997157
US,9019,107,44821.58831130106
US,8030,127,33620.83403115056
US,14458,120,30602.82787232241
US,17250,158,32485.87570621469
US,2276,27,22463.482037110145
US,7351,80,34845.46833522943
US,13287,191,31017.57826178304
US,27848,437,33909.697530563535
US,15850,199,29664.427018023245
US,15309,288,31022.533841290428
US,91451,943,35116.8693528506
US,45249,674,33577.969396993125
US,1334,13,30779.88001845869
US,38963,454,35273.08280750672
US,1242,0,
US,8802,144,39813.64212049937
US,19103,247,32099.94790878997
US,11781,202,24839.23338042126
US,16287,276,35257.825691648264
US,14458,203,37709.96348461137
US,9676,93,36561.49631588891
US,4853,77,44810.71098799631
US,3364,51,21608.427543679343
US,5565,75,40024.45339470656
US,28509,335,26329.69143954857
US,18328,199,27332.786518529567
US,66462,498,22529.262414280533
US,7323,71,24249.147322759032
US,10199,119,18548.0204411952
US,30176,309,24673.349577275923
US,8147,55,20484.26028361661
US,6944,44,20049.66218167119
US,0,0,
US,14603,177,25188.443294523506
US,37661,391,24752.87220338092
US,3929,46,23407.80458742925
US,7034,48,19617.3583221776
US,12972,123,25695.269788447826
US,1,0,
US,8086,80,20360.065466448446
US,5748,72,18317.98336467064
US,52008,361,25047.076444440165
US,21731,392,30860.883890025
US,119808,1277,20683.86869555309
US,172399,2826,20836.989496839386
US,149524,1966,25194.02180323173
US,14785,173,15979.465009456904
US,7330,92,21942.166077950067
US,28133,475,16701.39569122632
US,20355,286,19789.995624908854
US,38706,408,23708.63117661111
US,9556,116,29928.904757430548
US,58504,620,22540.81149078972
US,7197,124,24805.266423106088
US,50109,679,19616.662947608253
US,64177,462,19704.93413982621
US,3953,79,20353.20770260529
US,245966,2375,23409.994213315465
US,229478,2386,25236.02620399482
US,8845,131,17556.221591472975
US,6190,79,24164.58463460337
US,24582,251,21656.24174081579
US,7234,115,19456.17385223636
US,0,35,
US,40989,643,27136.22731696337
US,24868,366,24001.775907498384
US,10878,188,20808.78414568827
US,49617,785,23295.459880745573
US,35456,480,28377.5131258804
US,182344,2555,32260.883872919603
US,8316,26,28944.34582854756
US,256987,3272,32569.82588836476
US,14736,198,20997.435166714164
US,172065,2138,36894.36758639026
US,39721,453,24697.50668407636
US,437431,4822,27140.986002969537
US,173673,2330,24572.600898447174
US,143587,1962,27549.203571743776
US,268158,2242,33356.84351548127
US,201538,5,
US,240708,3065,28979.246877641093
US,1933,79,18577.60691975012
US,2125,19,23331.137461572245
US,32211,404,27278.73239555898
US,6584,161,23179.01777856011
US,5281,76,22641.91390842052
US,3914,88,26298.461331720755
US,2613,62,31830.917285905714
US,16986,193,27597.075548334687
US,31763,690,30800.1861800128
US,4143,77,23319.82438365417
US,42080,691,27431.37267684044
US,13520,214,31068.318128547464
US,42622,686,31769.76572574333
US,13133,172,25359.646243265684
US,5871,70,22457.254331943543
US,5802,131,22954.58142111093
US,10283,120,27532.19631047685
US,8182,185,26436.187399030696
US,28166,240,35386.64488975438
US,3200,37,22809.89379143204
US,12472,191,34853.56583948133
US,9390,131,37204.32663734696
US,35077,474,31810.679435557005
US,7617,109,22795.15187789915
US,329,5,
US,125355,2020,30889.843351494408
US,6802,135,26727.96573539236
US,4306,78,30812.16457960644
US,21552,275,23152.28600893778
US,13048,211,32050.305814153424
US,12764,225,27988.159193070936
US,9587,108,26866.38269252326
US,9757,166,31493.496013685806
US,84928,909,29044.54764950104
US,20016,208,30938.06513439572
US,5696,177,22668.842281211444
US,3614,101,32658.593891198267
US,17995,238,25754.23631783833
US,50425,645,31811.87306794524
US,75822,819,28604.951219696228
US,4512,70,25013.859629670696
US,201888,1859,30730.871977532708
US,664,16,31379.962192816634
US,2471,42,20847.042942714925
US,24350,476,27794.58262467611
US,4441,67,20408.069482101007
US,30950,365,31436.958486963056
US,58293,540,30361.728170004422
US,1676,24,26906.405522555782
US,2997,40,27752.569682378
US,300709,4613,34407.16636230909
US,4865,107,19810.245133968565
US,19376,170,29049.910793265262
US,8357,117,28674.8558880044
US,10312,129,23731.38793639104
US,7183,85,31532.04565408253
US,42516,181,
US,23527,265,28292.60666698735
US,3591,71,23753.141949993384
US,48415,538,32169.435215946844
US,17949,247,28094.477836213373
US,1998,53,21419.382504288165
US,48751,722,28087.87435327196
US,13711,183,27993.058391180075
US,385029,4563,30616.563187826818
US,7754,106,29296.8602410549
US,5082,121,24203.45763680526
US,1344,45,23496.503496503497
US,6012,99,25626.598465473147
US,1696,61,20580.026695789347
US,6790,117,27525.5391600454
US,87973,928,30145.290066134392
US,9333,55,
US,2383,66,18924.71410419314
US,5630,130,23439.77684333236
US,61110,1087,32072.174200557365
US,10617,226,25788.195287830946
US,2234,19,27600.69187052137
US,22230,269,32632.62969378468
US,50560,947,31773.16374239606
US,16096,238,26402.46702972246
US,15728,316,30104.316202507416
US,29,0,
US,20826,333,27519.589835749302
US,109512,643,29790.99621600594
US,537017,9107,30698.210699674102
US,8674,129,25791.68029496596
US,3702,65,23303.537706156363
US,119415,886,33456.983478136615
US,10509,102,30529.00676873021
US,14406,141,30528.94803763669
US,17064,202,41732.49529213236
US,1781,11,35684.23161691044
US,21404,126,31637.91701772279
US,7995,90,31969.769673704413
US,11461,124,31950.60076384824
US,32053,145,30500.81359609474
US,8642,96,29020.450653144835
US,3828,55,32440.67796610169
US,17290,135,30559.04134042666
US,23726,140,36943.72644888044
US,2543,32,28838.73894307099
US,826,6,15119.897492220392
US,3796,43,33904.9660593069
US,19391,190,29807.08631158251
US,137144,912,31966.733563158912
US,6739,24,32191.6499474539
US,13432,140,35216.69594399727
US,4474,61,32769.35472057424
US,5885,36,27934.684577775668
US,10580,91,34939.40094448664
US,15617,155,33700.90634441088
US,1822,16,30509.04219691896
US,386090,2952,30500.622905052205
US,5497,28,29553.763440860213
US,6122,70,28486.34312037597
US,11756,132,28958.518080599075
US,13638,175,30219.366275204964
US,2675,22,27168.393256144627
US,4362,62,26700.128542572074
US,15945,152,36910.57663371837
US,1253,32,29153.09446254072
US,3717,44,30394.96279336005
US,2201,31,33232.67401479692
US,2651,35,24913.07207969176
US,927,7,24786.096256684494
US,7498,55,25956.31252812684
US,1520,7,26955.13388898741
US,8301,82,32586.16628719479
US,2190,19,39623.66564139678
US,2530,25,27099.40017137961
US,6695,76,34014.12386323223
US,13049,122,36355.27818794751
US,7209,83,31043.83774007407
US,8464,135,32210.678540168206
US,11179,120,33484.09512969508
US,13867,83,34613.8485347711
US,2401,22,29301.928240175737
US,9889,76,28852.774698021825
US,8185,66,37842.71117481159
US,1801,17,28250.980392156864
US,53171,230,33590.240882414255
US,16465,191,28027.44016613897
US,4333,44,30689.14229053049
US,8584,76,29020.58893133642
US,2408,37,26386.14946307254
US,10695,128,34099.60464226502
US,3984,24,35416.48146501911
US,159678,1544,29015.429176789545
US,1071,14,26411.837237977805
US,4785,58,31542.51812788398
US,4573,59,31433.8740720374
US,20749,208,30981.604252523444
US,2788,35,29930.22007514761
US,5066,48,33405.86877678866
US,48027,295,32230.073886171005
US,31981,200,32889.4053764989
US,4257,29,28637.73965691221
US,60656,623,30469.68403074296
US,61649,422,38273.475089244144
US,12045,77,32865.83535703566
US,3314,17,33799.082100968895
US,2726,34,29419.382689402115
US,8475,73,34361.822899772946
US,1047,12,32126.4191469776
US,896,421,
US,6678,20,30878.069080316272
US,5241,67,38305.8032451396
US,6373,46,34241.34966688158
US,82684,571,31505.868007925623
US,3458,26,31733.50463430302
US,1951,26,31432.25390687933
US,15942,84,31578.321844544807
US,42819,344,30943.726197272663
US,3160,33,32547.12122772685
US,8590,153,27986.837389632816
US,12815,174,34679.18707547425
US,3885,70,31593.071480848987
US,6811,124,37476.6149444261
US,2819,51,34132.461557089235
US,11630,194,37971.79051847982
US,5590,79,38924.86595640972
US,3088,59,31044.5360410174
US,7015,105,41016.19598900778
US,2901,36,35334.95736906212
US,2565,50,28538.05073431241
US,4890,112,31465.156682324174
US,6224,104,32221.99213087596
US,8205,139,37086.42198517447
US,9238,129,32916.44396935685
US,8683,122,46592.61644129641
US,61488,593,33246.64089323853
US,27523,330,36747.80031242907
US,2368,40,30701.413198496044
US,8780,92,35836.73469387755
US,3897,61,28683.9393493302
US,6443,142,31038.63570671548
US,14973,163,31434.749748068527
US,66104,714,31768.55055747789
US,68037,859,29346.53209109731
US,5247,107,30846.56084656085
US,2397,48,29724.70238095238
US,307,9,23134.89073097212
US,9449,152,40397.60581445062
US,45938,503,31986.463997994662
US,6153,86,37557.22395165721
US,1791,40,25622.317596566525
US,3669,57,32970.884255930985
US,26502,316,38917.4425093248
US,2648,52,27181.2769451858
US,18938,189,35058.035135785554
US,22073,170,34846.78654310658
US,22120,386,29841.48397976391
US,4566,61,36278.40457651359
US,7703,127,33805.845694724834
US,34009,333,39806.40479423194
US,8667,183,30752.58134336302
US,10505,166,30758.644921383187
US,21310,258,36368.29080979606
US,31893,353,30010.72719060524
US,8795,152,35791.31567167216
US,12052,191,34147.44715815719
US,13798,232,39141.04164302735
US,3702,83,37872.122762148334
US,12873,247,44209.767154337525
US,7137,107,33956.60862118185
US,3635,52,34894.88336373236
US,13773,173,27775.425010587453
US,12443,180,36391.55357978475
US,17821,289,32089.673179076257
US,3754,66,31353.87956234862
US,12832,196,32661.37242924048
US,12842,159,39914.21644806366
US,10252,115,40802.35612512935
US,1835,35,27017.078916372204
US,47012,529,30277.385989656792
US,7887,123,28043.66377471199
US,1169,28,27053.92270307799
US,8673,161,32534.32365518793
US,5063,72,31810.756471475244
US,6731,82,36709.20593368237
US,7106,135,28299.482277976906
US,3888,71,28155.550727786227
US,8703,158,30729.847109918435
US,8946,117,40635.930047694754
US,7721,123,39833.87504514265
US,3057,50,31737.95681063123
US,0,0,
US,11645,136,40412.979351032445
US,4689,84,32822.343553128936
US,12825,219,28260.725854432472
US,13015,214,29640.84811769797
US,6967,91,34519.149779517415
US,4069,76,41996.078026628136
US,1943,47,22514.484356894554
US,6747,105,37577.27652464495
US,4831,63,39899.24017178725
US,10078,118,33944.08891882789
US,6722,71,26524.089492167463
US,5665,66,31983.965672990063
US,1815,24,35290.68636982306
US,6866,125,27044.27288482748
US,7963,151,22249.853306882003
US,3371,56,28679.598434575462
US,4457,102,27559.980212713333
US,5499,113,28282.672427094585
US,3260,48,26868.87002390176
US,53197,299,29478.064755656284
US,29734,349,34034.61379973444
US,12433,182,29269.268797966008
US,2076,42,23015.52106430156
US,14439,148,32270.969760632943
US,10881,197,23498.54227405248
US,23434,275,29711.80788883113
US,2691,48,31005.87625302454
US,1761,24,29438.314944834503
US,30193,348,28543.202873889204
US,3751,61,26141.194508328103
US,1996,43,26878.534877457583
US,24975,292,28190.078446864947
US,1922,49,28277.181109312933
US,33549,412,13422.391857506362
US,5749,130,28199.34271839898
US,24120,306,31428.757573783307
US,4792,81,27059.687164718503
US,6579,117,27504.18060200669
US,1815,49,24004.76127496363
US,4697,83,27829.126673776515
US,2027,32,24486.590964000967
US,2551,51,20331.55335936877
US,3966,93,25467.154690811018
US,3059,87,23200.606750094805
US,9718,138,33359.65123064777
US,31433,415,30233.631825483088
US,4094,115,27838.977288181693
US,2690,37,40937.4524425506
US,84976,1156,28993.537732952103
US,3140,75,31878.172588832487
US,2465,36,29513.88888888889
US,7064,96,32368.03519061584
US,2408,59,25230.51131601006
US,1314,34,29843.28866681808
US,2972,38,29717.028297170284
US,10995,233,27407.333549368097
US,2695,50,26617.28395061728
US,121175,1389,17236.572400716348
US,40835,585,33656.69919556904
US,67882,750,30158.920566373883
US,14723,153,27233.54666863971
US,139772,1350,28586.56325993009
US,1189,16,30032.836574892648
US,9621,193,26932.22853623716
US,9250,146,28280.54298642534
US,9297,186,24239.34298005476
US,3365,44,34421.03109656301
US,18483,162,31320.217579177468
US,3167,76,26568.791946308724
US,4454,109,29250.67314638471
US,4264,68,28206.65475954224
US,4264,59,35274.652547981466
US,1966,42,22605.496148097045
US,9802,135,34356.81738520855
US,6205,80,27170.81928449446
US,903,17,24965.440973182194
US,7090,129,27674.7726296889
US,4425,65,33573.59635811836
US,4386,61,27188.19737168361
US,2509,52,29025.913928736696
US,3116,63,26976.01939226041
US,4920,125,23852.232510786835
US,6109,93,35775.357226516746
US,13831,223,23749.91414245484
US,7218,51,32672.46061922868
US,2432,41,23098.1099819546
US,3793,52,27858.979067205288
US,2035,66,22182.254196642687
US,3800,87,24043.024359379942
US,6336,51,33110.36789297659
US,14937,191,35279.529511797635
US,12903,263,28948.017858344738
US,5220,65,28521.473063053218
US,12814,108,12271.830527303722
US,9932,121,30893.65143550344
US,10785,132,20501.07400155873
US,1177,26,25063.88415672913
US,2948,30,28596.37210204676
US,7202,116,29101.34152254728
US,6208,102,26970.197236945
US,1392,27,22200.956937799045
US,3194,68,24036.72486453944
US,7228,118,31756.073986204472
US,896,26,19227.4678111588
US,839,20,17115.46307629539
US,13875,172,36246.0815047022
US,1916,43,23463.13984815087
US,2075,18,34991.56829679595
US,119652,1050,29762.55030819209
US,2618,45,27859.955304884537
US,23553,330,35041.285427359966
US,294789,3746,29650.725956920352
US,76241,869,25364.96593207708
US,4846,42,27081.703364256176
US,7191,152,24775.19379844961
US,6942,132,21726.339509263897
US,2048,29,33634.42272951223
US,16064,252,28722.64339865541
US,5677,113,22352.15371289078
US,0,0,
US,6150,116,29908.087341341245
US,9926,116,27843.69828045668
US,7086,154,28653.45733926405
US,2979,58,23141.45886739688
US,10347,165,26134.06748838149
US,559,5,27769.49826130154
US,4585,95,25069.7140357592
US,2469,32,26118.69247857823
US,5861,103,44004.80516555297
US,2590,34,38766.65169884748
US,1545,22,24771.52477152477
US,2465,30,22983.682983682986
US,291,5,23242.811501597444
US,30042,375,36922.05589558292
US,1360,15,24134.871339840283
US,3518,53,30854.23609893001
US,485,9,28698.224852071005
US,2767,60,32125.856263787296
US,3255,30,35612.69146608315
US,798,12,28039.35347856641
US,2966,61,26841.62895927602
US,33849,303,32607.94173747182
US,41596,134,36349.33673558558
US,251,3,19952.305246422893
US,4730,77,34392.496182651055
US,178,5,21680.876979293545
US,672,10,19887.54069251258
US,5400,77,32759.03906818733
US,3149,26,25767.12216676213
US,283,1,14100.647732934727
US,8334,107,27362.26935452098
US,21851,202,31471.07961746745
US,528,4,22593.06803594352
US,5632,96,28188.18818818819
US,2392,23,27813.95348837209
US,452,9,27163.46153846154
US,597,12,32062.298603651987
US,1367,17,31089.379122128725
US,34011,224,28437.290969899663
US,1107,31,23893.805309734515
US,5132,39,30904.49235216187
US,45,1,9240.246406570845
US,1146,30,28983.308042488618
US,1477,11,24987.31179157503
US,418,10,24851.36741973841
US,2218,32,32191.58200290276
US,292,4,27112.34911792015
US,8512,173,19431.12815596037
US,3014,39,27899.65750254559
US,4013,76,36468.556888404215
US,3112,63,34821.5284771176
US,2435,53,20102.369355238174
US,917,13,27712.299788455726
US,9930,139,28440.498353143343
US,1731,32,17952.706907280648
US,911,13,24377.84318972438
US,1539,27,25036.603221083456
US,1411,25,29793.074324324323
US,148,1,21264.367816091955
US,0,0,
US,2164,42,29259.05895078421
US,459,14,21589.8400752587
US,246,8,25386.996904024767
US,51325,605,31819.590824550527
US,7830,92,24965.723942224915
US,1295,20,20562.0832010162
US,34,1,7343.41252699784
US,104,2,13959.73154362416
US,76,4,16344.086021505376
US,1285,15,24749.614791987675
US,2524,26,23407.21506074376
US,485,13,25273.579989577906
US,655,7,22165.820642978004
US,14323,149,28842.70726353733
US,1546,26,23935.59374516179
US,2320,20,28942.115768463074
US,7291,55,27777.354465102104
US,1759,28,20935.49154963104
US,891,11,22706.422018348625
US,637,14,11197.046932677096
US,2403,30,26969.696969696968
US,1740,33,28050.94309205223
US,2972,32,27752.357829862733
US,2046,27,23129.09789735473
US,2397,39,22241.811264730444
US,7991,87,39903.12593628284
US,1512,26,17603.911980440098
US,5975,90,25323.16168679805
US,360,4,20066.889632107024
US,1405,19,24929.02767920511
US,12048,162,32949.54191166416
US,179702,1296,31453.440849110928
US,410,6,24217.365623154164
US,1319,19,24148.66349322593
US,509,14,17086.2705605908
US,621,4,23639.13208983632
US,1327,18,28378.95637296835
US,4614,62,21447.49686236229
US,486,5,26456.178551986934
US,469,11,23819.19756221432
US,452,9,22713.56783919598
US,114,6,18298.555377207063
US,470,7,19949.066213921906
US,19550,192,31864.78248822389
US,2851,28,30577.005577005577
US,395,7,11686.39053254438
US,109,0,11822.125813449024
US,636,14,23026.79217958001
US,2615,26,25975.961060892023
US,129,5,18914.956011730206
US,1341,26,20806.82699767261
US,1434,15,20351.97275049673
US,945,19,18635.37763754684
US,1422,13,21893.76443418014
US,1796,31,22354.991287030123
US,136,0,16873.449131513647
US,832,16,22907.48898678414
US,1969,19,23631.781084973594
US,94771,481,29700.39800683193
US,10809,147,30958.927650799105
US,164,0,21925.13368983957
US,92,0,13855.421686746988
US,11571,86,32966.75118949258
US,77,1,15587.044534412957
US,2076,27,26769.82591876209
US,1351,36,29103.83455407152
US,898,18,25518.61324239841
US,1597,31,22905.909351692484
US,1104,19,26615.2362584378
US,3903,29,24375.46839870097
US,520,8,19900.49751243781
US,579,13,20027.672085783463
US,2783,27,30805.84458711534
US,1541,29,21558.47789591494
US,10382,89,31018.82282641172
US,1382,27,26510.64646077115
US,2707,28,25242.44684819097
US,2285,35,29052.76541640178
US,194,3,14296.241709653648
US,4452,19,31299.2125984252
US,58879,338,31453.12934037052
US,5594,58,25924.552785244232
US,11443,156,32127.01443090572
US,3759,57,21748.43786160611
US,1145,41,21826.153259626382
US,688,9,22925.69143618794
US,82,1,7032.590051457976
US,757,13,12787.162162162162
US,1298,13,25944.433339996
US,113,1,15650.969529085873
US,2146,37,29706.533776301218
US,1502,21,
US,875,12,21043.771043771045
US,5492,54,26494.283371122583
US,2142,19,22823.654768247205
US,851,15,24404.93260682535
US,139,2,17752.234993614304
US,4726,36,34549.309160026314
US,17441,238,31191.43000214608
US,7624,123,30607.410975952465
US,671243,9313,29613.03031038309
US,8816,98,18026.78662713424
US,12918,152,24476.107469021183
US,124,5,14203.89461626575
US,191,2,9413.504189255793
US,2791,67,16582.496583684868
US,1350,22,24403.47071583514
US,681,11,13139.108624348832
US,12266,185,21328.464614849592
US,1503,20,33362.93007769145
US,9156,305,19680.588096210475
US,2361,32,35107.80669144981
US,197,14,4778.074217802571
US,11506,0,
US,128178,1309,27184.05833062931
US,1776,26,18538.622129436324
US,17508,217,28559.77684615761
US,12304,76,25156.40973216111
US,19089,134,25089.045146875207
US,8341,134,26426.51205525457
US,23354,103,25981.79916783481
US,121573,1042,29152.4488939512
US,40280,308,26606.60144922749
US,84642,655,27324.231927662226
US,37116,249,28412.42258847305
US,11891,84,27559.912854030503
US,2330,1,
US,91788,1083,34811.69643873023
US,326525,3733,35027.2794952167
US,141872,1377,31856.36433448824
US,169517,1974,33470.22830527316
US,30511,332,33150.07768445985
US,52840,664,35338.099473673654
US,291824,3771,36524.79739666448
US,91632,1051,31419.989301732297
US,238646,2855,35492.146682510625
US,34702,307,27902.00287848453
US,111477,1348,30339.65653321721
US,275803,3040,33428.154490208006
US,223671,2384,36146.21966887257
US,165862,1678,33722.412548668784
US,215999,3282,35573.7780515361
US,193557,2460,38570.54038650847
US,18584,262,29789.212150356656
US,98247,1030,29868.301847787094
US,45639,519,32486.04863048801
US,1646,0,
US,196497,2498,35319.5252551942
US,32145,367,30536.63541280743
US,197256,2251,29045.781237805928
US,530,23,15026.935072299404
US,24728,362,38269.75160566432
US,9347,213,35040.29990627929
US,2806,71,23498.86944142032
US,15396,235,31449.93258977816
US,755,6,43192.21967963387
US,76839,937,35215.74738192901
US,19276,327,32972.97297297297
US,9894,115,36647.15904881843
US,1375,18,31976.74418604651
US,103,4,16480.0
US,1339,17,31896.141019533112
US,22978,410,32331.5041508372
US,6600,75,33721.64316370325
US,4587,25,23682.172543755485
US,8014,152,33801.50997511493
US,33328,656,46699.45493014979
US,986,22,21809.334218093343
US,17130,228,25381.538005630464
US,2564,70,31067.490609475342
US,13353,167,34307.95714395827
US,6228,110,33664.86486486487
US,52461,863,42321.59279756047
US,7662,85,28089.599296110275
US,45050,516,30698.88516368196
US,40271,400,26783.41026084412
US,2495,87,23121.11945139468
US,4752,102,28562.841858508145
US,7287,108,22268.74064113926
US,3331,61,21544.5314015911
US,7215,0,
US,933,20,22985.9571322986
US,24060,325,31373.87857291884
US,79420,617,25996.21611359515
US,10902,164,23653.207784600032
US,553117,8529,39001.14722321918
US,59296,604,31128.47003485784
US,19417,252,25509.413140297173
US,20651,182,26967.97952361053
US,29741,340,23436.01018100439
US,26845,265,32166.650690184048
US,11907,141,25222.954222890672
US,22943,132,28505.932782506057
US,14041,175,23613.797278888684
US,13569,135,28517.685630819025
US,10245,93,23212.86960462218
US,85482,739,29053.96678653244
US,271310,2922,29531.883026269672
US,7832,84,21233.563779314085
US,12239,58,24467.234416856583
US,16758,186,31392.016184927787
US,16743,208,29230.097765363127
US,11130,155,23586.50504365517
US,1105,5,25022.644927536232
US,17616,214,28728.45284495833
US,27473,160,25013.201740808858
US,963672,14205,37644.86388742073
US,7412,58,28186.796470946152
US,14516,141,23072.76599802905
US,16984,146,23941.0214121594
US,193746,1854,26119.41706998126
US,15172,238,30824.24168545946
US,550940,4337,40602.12657451707
US,596334,6168,36613.97452947309
US,60061,637,28698.73519335248
US,69636,881,30452.484136598
US,143714,1207,31206.35444533232
US,26432,222,24077.903385955164
US,146219,1255,37984.88076063802
US,10655,131,26405.13481363997
US,34956,238,29845.2921689833
US,13425,108,22565.67999596591
US,0,563,
US,31777,149,32319.975589910497
US,904779,13415,40143.56716350365
US,42135,316,26547.75256121073
US,227585,2708,47797.6154222576
US,119199,978,36587.7914846726
US,62003,417,26973.893145047263
US,44064,379,28373.653404078585
US,6647,44,21442.627181521984
US,4364,32,24507.21626326725
US,7754,95,22795.15522107244
US,26587,223,24677.00018563208
US,25561,278,26799.400287274977
US,569776,4963,38586.99811255715
US,24840,154,32930.32134902959
US,14190,95,29438.00178412132
US,26871,102,26297.70992366412
US,43566,420,24534.135257049213
US,985,2,
US,19090,157,29854.247466533216
US,16025,137,26182.9292203124
US,22104,203,24582.39729531351
US,336689,3002,34799.68082885274
US,10020,96,25138.613612985773
US,4471,43,17946.45365873239
US,61903,572,36519.00489059578
US,12774,159,34066.72533802704
US,3767,21,33824.18963814313
US,8468,113,34639.61384275546
US,7621,95,28015.29243098188
US,5553,48,31628.41032066982
US,16121,187,34304.37928246159
US,5475,78,28896.3952076846
US,12133,149,37079.02939918098
US,41118,378,28790.085422209773
US,71015,701,27188.91539141854
US,32001,366,35366.082776150746
US,72323,567,33412.79631143944
US,30392,357,36983.13417216286
US,2207,10,20309.19296954081
US,18539,164,26685.187051084595
US,6639,61,29370.90780392851
US,60653,678,38014.804043848046
US,18211,131,24454.142607761514
US,8781,137,30689.92031315532
US,5296,66,37983.21738506778
US,3486,51,31039.08823791292
US,36816,453,37587.67496707403
US,19242,294,34665.273474093825
US,32145,263,31471.817816896582
US,116118,740,34609.50376890039
US,6320,40,22764.110506789613
US,10060,33,27182.57721094869
US,56254,500,33562.63685124307
US,14938,124,34864.39807683331
US,20962,263,35685.46670979384
US,103313,395,32135.88065495446
US,17608,178,34208.8902704383
US,125590,969,32851.5936645784
US,26480,96,37999.5694912822
US,81942,970,36495.06299854362
US,2457,22,21250.648676699533
US,2968,31,35161.71069778462
US,19634,129,32483.49684827027
US,7207,78,34206.654326261334
US,160748,1459,29924.754362646
US,18892,206,37776.44471105779
US,42805,377,31479.819968229687
US,17219,262,27631.30445945729
US,33308,374,28367.27220078864
US,6384,101,26962.87536427757
US,19537,140,35371.329253720534
US,1706,15,34555.39801498886
US,61898,551,34046.18109413331
US,12191,109,27745.91469798352
US,75853,501,36234.52868314074
US,2916,49,30958.7004989914
US,20141,177,32601.69313197041
US,20330,248,36336.66374734133
US,30371,205,35269.59389625019
US,9815,138,27371.85565285292
US,6307,90,28991.03654332337
US,7620,100,33957.2192513369
US,17360,196,37940.37940379404
US,368329,1892,33172.15379571957
US,4779,43,31936.647955092223
US,9045,148,33286.71843373937
US,31722,381,31445.28152260111
US,32682,372,34658.211202782666
US,64577,467,27541.337382129284
US,5934,97,30457.32176769492
US,65255,431,32967.39383039134
US,39406,158,26540.3162800722
US,3471,37,27274.87034417728
US,10706,135,26883.286460425872
US,18749,154,29732.00126863305
US,3569,26,26509.693233306098
US,12184,120,30853.380602684225
US,67103,287,37126.40116851645
US,5049,72,24363.057324840764
US,44680,513,31099.69582437164
US,16470,212,36739.61051997591
US,52256,598,40004.59330143541
US,27690,329,30425.22799692341
US,51689,636,36378.16001351275
US,21683,433,32348.684897581643
US,23581,211,37117.31280792054
US,12892,148,37021.50877293743
US,24087,291,38351.43139190523
US,15641,205,34307.20975631155
US,28679,421,39952.35640750596
US,5021,53,35183.238735897976
US,8370,87,24342.009597208085
US,1228,10,30577.68924302789
US,0,0,
US,79423,531,33112.370184149855
US,15882,137,35661.839003031324
US,391609,1311,35224.20736111448
US,5862,52,29709.5940398358
US,3908,57,33747.84110535406
US,15101,78,26881.10792673158
US,42033,452,34136.81363750802
US,23073,308,33726.539203648485
US,27780,360,33960.46503098984
US,15174,144,40284.59925133406
US,6341,70,35093.25363882893
US,689,10,31092.057761732853
US,3601,47,34575.13202112338
US,2288,23,33489.46135831382
US,170,1,18318.96551724138
US,1887,26,30038.204393505253
US,932,9,30820.10582010582
US,491,3,23215.13002364066
US,41126,303,43007.13195156129
US,71291,333,39187.45843021498
US,975,7,25917.0653907496
US,1794,39,36822.66009852217
US,599,4,26457.59717314488
US,1198,8,27079.56600361664
US,896,6,39177.962396152165
US,840,18,25917.92656587473
US,1169,23,36417.445482866045
US,515,4,29244.747302668937
US,27002,125,38879.20980259463
US,556,11,24450.307827616536
US,678,2,30389.959659345583
US,957,8,38295.3181272509
US,597,13,24072.58064516129
US,1168,20,28868.01779535344
US,557,12,30108.108108108107
US,1576,31,27432.5500435161
US,896,9,35883.05967160593
US,3650,25,24294.462193823216
US,3182,49,33671.95767195767
US,2997,24,36606.81568340051
US,13245,142,42229.94516005612
US,3882,37,36813.65576102418
US,930,18,32302.882945467176
US,378,5,19295.55895865237
US,2396,16,35230.113218644314
US,1250,32,31446.540880503144
US,4354,57,37798.42000173626
US,1926,28,36910.69375239556
US,664,15,28534.59389772239
US,4803,23,29690.30104469308
US,7963,43,56172.40406320542
US,1310,9,33606.9779374038
US,345,7,26235.74144486692
US,1658,19,39196.21749408983
US,72,0,9600.0
US,13816,86,43875.63911207088
US,436,2,23068.78306878307
US,8281,97,39997.10200927357
US,759,12,34673.366834170854
US,2491,26,30998.008959681432
US,0,238,
US,4134,34,38849.73216802932
US,24090,251,35614.4941677385
US,1219,12,31794.47052686489
US,12271,68,32645.18875202852
US,13666,41,24782.38792978384
US,8909,165,32164.77724023395
US,33974,510,33193.61803988236
US,14914,236,27884.974945778176
US,25902,472,26636.91241348814
US,19996,158,30609.08965665039
US,14299,203,31318.994217627474
US,19256,344,28737.72497985255
US,14169,198,32623.41130963345
US,116682,1254,30454.619010581155
US,6332,136,23526.7890317307
US,10797,159,27766.490934807767
US,43582,624,32503.74767867664
US,65558,619,31758.28860425912
US,12831,184,30573.293938238658
US,29780,512,29229.60650942748
US,10094,169,27579.2349726776
US,14216,230,34260.374993975034
US,350654,4130,28391.38123121567
US,15106,249,29554.12517363489
US,12408,176,32578.04500223173
US,56138,304,26837.55862260191
US,25021,294,33691.05647267929
US,47453,463,30114.739741327885
US,9405,134,32971.078001752845
US,366781,2832,27854.894908396087
US,12628,185,29976.73645729478
US,10502,141,35126.09539099605
US,20552,294,21945.77624961292
US,48477,544,28695.31245375495
US,13659,166,35135.691318327976
US,238207,2240,29139.43335131558
US,21443,296,28295.264109364896
US,8837,167,28174.71704128806
US,4144,82,27553.191489361703
US,7901,114,29256.46152706806
US,13505,190,31289.821829892728
US,8642,132,30575.99773563544
US,5859,191,13328.025477707006
US,17989,232,30873.92304259774
US,11837,150,36519.297812606055
US,18813,345,28799.081515499427
US,16550,250,26555.63043548025
US,61985,826,26932.55238997345
US,24462,290,41138.18677160587
US,52928,523,29926.157116848164
US,12777,180,27975.564897530214
US,89885,1064,29010.78968347465
US,126129,1523,29445.450895066628
US,11605,145,25943.97621336433
US,67576,1189,29550.07586921634
US,24520,287,37669.1810179282
US,50941,541,28340.547216627907
US,6419,106,28022.002008119787
US,11372,147,27620.713105994364
US,31994,519,29904.56784469141
US,4247,85,31104.438259850594
US,162583,2215,30578.705140430367
US,4123,62,28418.80341880341
US,9404,113,26619.11231884058
US,31774,324,36854.375688685264
US,3911,61,27114.53133666112
US,10862,154,26803.20789636028
US,5564,78,29798.628963153384
US,10359,134,28668.29025294736
US,21284,243,36409.668645329046
US,9998,138,36000.288059916464
US,44355,489,27301.09684487832
US,11659,208,28518.663470476004
US,9940,166,29355.305513717845
US,39253,548,32399.260445383563
US,25027,327,32644.196906060053
US,17612,263,30096.72237602105
US,27836,282,36959.92776907348
US,15784,250,28605.60368262713
US,13326,203,27425.396172051864
US,98019,1827,26448.30358925652
US,143348,1859,26496.22097805413
US,52689,1018,26614.100841524643
US,25479,543,27698.479132920955
US,0,2,
US,19949,117,33818.742795144775
US,8157,162,28848.806366047746
US,3697,60,28253.725640045854
US,72639,647,30962.651639798467
US,15502,247,25875.047987848644
US,28587,476,24705.729841846
US,11940,175,32541.153384934045
US,38658,395,29551.205118600792
US,6692,111,30736.726070181885
US,9855,79,44403.89294403893
US,1885,17,33058.57593826728
US,4723,58,34329.11760430295
US,1185,11,22312.182263227263
US,7303,109,33409.579578205776
US,2931,51,31084.95068405981
US,17397,149,36247.525783935824
US,10214,191,35512.13406578124
US,48385,434,32625.11294216013
US,19415,266,40354.596661886055
US,17565,167,36099.636229114
US,5068,73,34541.98473282443
US,714,9,33411.324286382776
US,100720,909,35463.04055433887
US,2119,26,38562.32939035487
US,39391,432,32622.21633305452
US,1698,35,29968.231556653725
US,6017,63,42547.023051902135
US,22790,362,31864.321467520484
US,9756,181,33637.89952763507
US,13701,222,31856.123137017832
US,1237,35,25291.351461868737
US,1040,12,26949.98704327546
US,18127,318,29689.13784067086
US,8648,157,31207.82360795352
US,17218,267,30837.840742200093
US,1260,17,29079.159935379645
US,1601,43,28028.71148459384
US,904,15,34074.632491519034
US,838,13,22722.34273318872
US,3324,42,26324.54264670944
US,3106,67,23390.31553580842
US,8265,116,33693.43660823481
US,1602,29,26691.102965678107
US,3934,60,35489.400090211995
US,15752,236,36179.88883274381
US,4859,74,30821.43989850936
US,2410,59,27675.700505282497
US,2721,42,27012.80651245905
US,15575,120,31241.851042063667
US,9963,152,28566.103735986468
US,13632,179,28393.493157818
US,3983,46,38847.16668292207
US,2550,44,33425.088478175385
US,5692,48,33618.805740948555
US,13322,178,32413.62530413625
US,14811,145,36593.86272668874
US,9740,176,29666.17933723197
US,5557,133,28357.828128189427
US,5345,88,37980.53009308605
US,24414,384,35904.52519964116
US,3610,48,32431.94681520079
US,3232,46,32076.220722508933
US,4249,66,35429.00025014592
US,245039,2735,30728.436459945275
US,11739,212,30518.65332120109
US,13936,186,29674.424546983795
US,11692,136,37562.24499630546
US,0,0,
US,5072,88,30972.15437225208
US,23351,194,28552.039518732272
US,13876,234,31786.31969578961
US,16719,171,43670.98526799707
US,26892,317,37045.40445228124
US,3278,48,29542.17736121125
US,1117,16,31174.993022606755
US,31643,415,34223.81812479045
US,7783,144,32084.26086239591
US,12951,117,31155.42832399144
US,13523,217,31344.598196694715
US,7045,58,35254.966721713456
US,1828,38,25213.793103448275
US,212876,2396,32672.142822061785
US,152,2164,
US,27073,304,33304.629162617326
US,15779,291,30622.78028994508
US,3299,59,30221.692927812383
US,2738,46,31138.40554986921
US,6175,87,30552.669338479045
US,3839,64,23809.22847928553
US,22192,93,23848.774354400182
US,84357,811,20172.076128621884
US,6364,63,15821.40015910899
US,10160,123,19406.34908507468
US,14955,198,23190.720610355576
US,7955,98,32597.115227011964
US,4676,70,20396.946564885497
US,61720,389,31220.282054913703
US,26067,472,23488.015858713283
US,324,6,16945.60669456067
US,2251,26,31268.231698847063
US,1972,42,26673.880697957527
US,4681,49,20019.6732529296
US,54594,637,24709.42863349989
US,9056,105,36726.417389893744
US,20978,412,23978.419650919564
US,17950,255,26304.99135379114
US,1653,34,21006.48112847884
US,79852,713,20899.999214797404
US,9333,113,18680.19694968176
US,33388,335,25732.76094613446
US,9721,126,31798.109319289524
US,88351,854,25401.50308494673
US,3404,37,29337.24036887012
US,171526,1480,21101.67250001538
US,20575,169,23900.79572515537
US,390,6,21910.112359550563
US,5031,79,18608.52197070573
US,26508,252,34006.414368184734
US,3,0,
US,5848,95,21792.43525246879
US,1576,23,21864.5948945616
US,6709,77,25144.29203208156
US,122406,783,20347.01259325257
US,303,3,22747.747747747748
US,22896,281,21378.1512605042
US,31676,424,30750.711102913338
US,339976,3838,27957.518019481187
US,18397,386,28418.93875028964
US,49038,848,29914.170159032263
US,12845,289,26823.00367524223
US,126969,1778,30147.16357523435
US,35199,689,28892.13569839693
US,20762,234,34418.04950019064
US,156462,2167,24903.624237986853
US,55245,835,29408.63334628673
US,43568,815,33464.42177706771
US,1035,22,23274.11738250506
US,20240,346,31535.321429684336
US,44220,397,27231.57927148444
US,117917,1336,22460.851560699368
US,9927,223,25826.00551537541
US,24425,399,30818.244905684183
US,11183,142,28947.50465934976
US,19721,277,30356.81300412536
US,24932,363,29460.350470878777
US,63042,974,24881.398744918497
US,72651,1080,26105.375872712444
US,141966,2086,25049.27242667363
US,8605,121,28769.64226011368
US,72139,899,26745.09135128722
US,39057,759,30212.57174683231
US,2550,35,35186.97392024286
US,51643,801,33312.261735052605
US,5067,73,34872.67721954577
US,10696,120,29520.0507824359
US,13887,280,30761.562998405105
US,21937,396,26092.800304497283
US,11268,266,25948.18652849741
US,5742,193,23187.820538706943
US,59181,908,28225.24490399382
US,150890,2090,27649.50780980862
US,23172,465,27097.951164748807
US,45680,574,32215.97681126713
US,111635,1396,30227.33795807408
US,94872,1586,29888.75832107291
US,35015,590,30904.950617392915
US,9809,175,24145.23076923077
US,28403,546,25956.82848369645
US,15166,304,32870.95236031037
US,48163,596,28286.08512312725
US,200208,2657,24094.883351486013
US,5989,98,32852.44103126714
US,100150,1250,32805.41133694744
US,28684,591,31575.35528329095
US,10451,198,22586.01313969571
US,394710,5549,24917.55383620864
US,13435,112,24073.17816122848
US,3882,104,23490.257775626287
US,42680,759,30192.63011198438
US,9772,169,24204.89448132369
US,22271,443,30322.545509006493
US,1390,38,22914.606000659413
US,10136,135,25133.90200357072
US,10189,221,25101.62351260132
US,0,0,
US,13563,159,30191.661287091247
US,13835,272,27305.2024946712
US,9754,242,24888.367227169503
US,63639,730,30763.54144006961
US,13364,204,26019.742606257667
US,99366,1557,28479.875264761435
US,6563,121,24494.289766365604
US,147850,1668,32924.47746170873
US,6873,0,39584.17324195128
US,12796,0,34872.18618847768
US,16396,0,32619.11867104347
US,8382,0,33779.318126863865
US,8444,0,38194.31879862493
US,8391,0,32074.46198539812
US,29855,0,36423.63906985823
US,5679,0,32944.65715280195
US,7631,0,32161.67235638724
US,9554,0,34459.87376014428
US,66656,0,39378.74034820316
US,14231,0,29950.541934126064
US,44456,0,35677.25470683595
US,11445,0,37519.66955153422
US,13002,0,29104.1769261763
US,51188,0,34825.55924454363
US,7355,0,31810.9078327062
US,14712,0,34690.74960503667
US,3256,0,29860.60161408657
US,5339,0,33774.03846153846
US,14325,0,37395.25413109876
US,11733,0,30605.696994991653
US,6058,0,32486.057486057485
US,12137,0,37583.99653175611
US,540,0,31505.25087514586
US,12356,0,34188.31797681304
US,9675,0,32847.83051537992
US,4760,0,42060.61677122912
US,3938,0,25599.68796723656
US,12231,0,30992.01824401368
US,5881,0,33371.16268512739
US,30371,0,36273.40913433977
US,14835,0,31501.49703777632
US,12064,0,30761.385078280386
US,5091,0,32807.06276582034
US,17357,0,34266.47977414961
US,14284,0,35336.318432575514
US,5642,0,40616.2263335973
US,14766,0,33049.08346202914
US,12948,0,33935.26405451448
US,6978,0,31703.77101317583
US,11260,0,46383.25918602735
US,2889,0,36445.06118329759
US,12316,0,33280.19023428
US,5705,0,23235.44984319635
US,5221,0,29555.618454571188
US,12613,0,33826.802907179444
US,1620,0,29834.25414364641
US,3340,0,32361.205309563025
US,22561,0,31540.6123304907
US,13331,0,38207.560689002894
US,9268,0,30552.16746332619
US,7354,0,28547.02845386437
US,9769,0,35719.77037551647
US,6613,0,32705.24233432245
US,434,0,
US,5801,0,35784.34396397508
US,5880,0,30547.0414047483
US,42065,0,31896.179131186447
US,9062,0,39540.97216161969
US,4406,0,32264.206209724663
US,14471,0,30132.22280062468
US,6516,0,30011.05379513633
US,8543,0,31491.44795045709
US,9243,0,30578.62176200086
US,101521,0,31880.630948904192
US,11965,0,33246.26969351746
US,13872,0,39045.26007655933
US,6709,0,31632.79739733132
US,21933,0,30451.92641443943
US,24623,0,33152.91298084043
US,19390,0,30451.98982316173
US,25651,5823,
US,8357,0,30505.566709253515
US,12092,0,33532.070658051634
US,20382,0,40745.25718169642
US,1800,0,21464.345337467206
US,7630,0,35700.9170877784
US,10310,0,31937.302521529025
US,11342,0,33781.08711839166
US,0,0,
US,17778,193,36671.54850553848
US,64423,572,39212.49969566382
US,26526,106,32316.464023781096
US,278748,2724,43627.24613455913
US,30145,3,
US,43077,272,34303.25616952149
US,7826,78,31907.693562196764
US,52428,457,30682.616227351467
US,2429,24,27958.103130755066
US,70200,1112,34656.74029166955
US,4295,80,30534.62249395706
US,6803,106,32603.27806000192
US,54220,436,28221.65082603762
US,66396,494,29132.93580276165
US,3615,63,24840.23912595341
US,139282,1051,33855.12121845574
US,18526,334,32331.588132635254
US,12714,162,39430.59173799777
US,14947,211,32742.60679079956
US,10814,169,32046.22907097348
US,11436,233,30352.73509037344
US,22359,347,33563.00099072323
US,11769,156,38613.47157058959
US,71341,563,43818.83065432501
US,8423,79,30898.752751283933
US,7690,116,34411.77786727525
US,50562,696,36561.50347450702
US,19822,243,31624.12252712189
US,207151,2154,39567.2171478124
US,26923,334,38020.92895171654
US,6070,95,31578.39975028613
US,120997,1286,34172.12445739817
US,7299,101,24270.94071093672
US,27965,285,42020.40540337485
US,31562,309,32202.17932498061
US,23072,321,34184.28577778436
US,5112,100,30377.941526028048
US,124164,975,41561.17154811716
US,10679,172,34833.80630851029
US,9949,117,38092.50325446053
US,2756,43,29123.956462009934
US,16493,225,42905.82726326743
US,29076,392,36552.43506901667
US,29721,459,34489.12097476066
US,54706,689,43114.97115475553
US,161232,1050,38780.15869770709
US,4681,86,22864.260245201
US,117410,1663,36715.29308754319
US,35665,437,33418.91474030416
US,0,0,
US,9971,169,36502.416166349394
US,10407,158,34269.62592202318
US,95610,770,34027.45400901847
US,899,18,32679.0258087968
US,5577,64,30222.72801170541
US,948,16,28172.36255572065
US,2569,42,37226.48891465005
US,9517,67,27131.73874618696
US,12185,135,31373.10435387111
US,1685,27,31810.458750235983
US,693,18,35321.10091743119
US,3252,49,31182.280180266564
US,306,7,22238.372093023256
US,3679,38,39593.19845027981
US,976,12,26124.19700214133
US,3951,28,28081.02345415778
US,10635,107,37969.93823413903
US,1196,18,29270.68037200196
US,2489,29,27741.86357556844
US,7083,88,35817.95195954488
US,1513,40,27894.54277286136
US,1200,12,27579.866697310965
US,3436,46,58316.361167685
US,825,16,28243.752139678192
US,1069,17,27918.516583964483
US,2495,44,37166.6914941159
US,712,17,30969.9869508482
US,2425,53,34387.40782756665
US,1221,34,29175.62724014337
US,531,12,27962.08530805687
US,1806,41,29299.15639195328
US,679,13,21278.596051394547
US,744,6,21546.481320590792
US,222,3,17103.235747303544
US,5115,63,29185.21054433413
US,2041,39,27993.416540940885
US,361,9,27747.886241352804
US,745,21,22278.708133971293
US,488,20,24242.424242424244
US,195,2,21594.68438538206
US,1568,27,31747.31727070257
US,2635,30,20590.763460185983
US,7780,88,30103.699117783624
US,17489,116,28610.45674649915
US,1432,14,37873.57841840783
US,955,15,19351.5704154002
US,1502,32,26888.65019692088
US,534,16,22446.40605296343
US,8389,68,29609.628688408862
US,653,8,31683.6487142164
US,539,15,24323.104693140795
US,65212,565,33765.15786966562
US,1692,30,25729.92700729927
US,5060,62,35691.61317627143
US,38893,378,34184.13535486706
US,805,19,28097.731239092496
US,810,10,37621.92289828147
US,2853,57,27448.5279969213
US,675,8,28796.92832764505
US,1692,39,26537.013801756588
US,737,9,23789.54163976759
US,269,3,19338.60531991373
US,3914,53,38459.27090498182
US,1710,29,31428.04631501562
US,2292,70,27337.786259541987
US,0,0,
US,4371,55,27435.35023851368
US,1498,28,27562.097516099355
US,6992,64,30647.84781274656
US,716,11,25979.680696661828
US,27983,387,36351.944711476
US,18181,251,36571.92283708487
US,5711,102,35340.346534653465
US,5424,63,36006.37280934679
US,49483,534,37180.66241885068
US,39220,458,36277.865137360095
US,16089,188,40382.00893529441
US,5208,76,35481.67325248672
US,11688,172,42093.13213526848
US,21598,373,38300.43801315813
US,13207,143,32475.963311776133
US,7157,102,41377.11741920564
US,11258,213,35226.38380424919
US,2660,58,34931.05712409718
US,14862,245,41278.74680591046
US,21036,297,37218.68365180467
US,6534,89,45917.07659873507
US,19583,350,32357.89821546596
US,235552,1844,33934.169278996866
US,7768,113,37911.17618350415
US,4571,73,39192.31758552688
US,20237,269,37512.04863943056
US,15767,223,42431.17414354531
US,14255,202,34655.87241387694
US,7098,144,38319.92657776818
US,16220,206,38428.73388931008
US,21964,295,44703.15266725012
US,11520,213,39098.5609557426
US,8299,122,35587.47855917667
US,28001,417,40540.61880148837
US,4642,81,34572.13078126164
US,24702,386,38041.703883943694
US,122069,1281,33188.6004502398
US,2639,43,39864.04833836858
US,9533,140,38055.888223552894
US,10917,174,42558.085139560266
US,21720,376,38248.86415665833
US,8063,109,46596.16273693944
US,11166,183,39712.62937013195
US,10220,179,31596.84649868604
US,8560,123,33997.934704901105
US,3063,65,37349.10376783319
US,6156,86,33128.83435582822
US,3904,68,33124.04547768539
US,19808,309,36348.28883383796
US,6116,111,34382.72993029009
US,159870,1601,33992.256220857176
US,3184,47,45381.98403648803
US,9432,114,36796.31724729841
US,16971,230,38446.37759956504
US,4164,69,33941.96283012716
US,11797,187,34327.533026828845
US,18847,227,34857.95664718503
US,10411,160,42317.69774815056
US,39819,480,40638.26747224037
US,11097,141,38388.62559241706
US,12736,137,37050.181818181816
US,35082,383,36397.02449500452
US,20057,288,37284.82730416032
US,9583,144,37296.64513115903
US,4175,63,33609.72468201578
US,18390,277,39510.15146632291
US,63699,638,30479.01125875029
US,2744,41,42293.46485819975
US,7856,96,36705.13479418773
US,13497,217,44886.76045096279
US,63194,292,
US,8675,134,39004.54116271751
US,2810,60,34794.45269935612
US,2195,39,43482.56735340729
US,5650,90,33567.01520912548
US,29759,323,37085.176646520034
US,11818,172,35631.8026954503
US,19707,271,36916.9382938069
US,26090,333,36330.46941361592
US,117004,986,35211.94155619423
US,12228,140,55410.54921152801
US,5167,74,34387.06242512978
US,36653,450,37305.8524173028
US,293983,3677,31369.362524888867
US,7332,99,36374.46048519125
US,3773,71,27510.0255195042
US,60331,817,38100.26018642484
US,65582,810,34285.32593068908
US,22044,264,35786.29523206546
US,4738,48,41988.65650478554
US,43303,257,
US,6820,106,38136.77794553487
US,7006,84,35079.11075505708
US,2259,50,38470.70844686648
US,15830,192,38350.65532863338
US,49960,551,38616.42512077295
US,6886,88,41300.30588376417
US,11851,180,35558.68939030245
US,9884,145,36145.547632108246
US,76189,449,31956.864587352982
US,51586,535,35660.90821736936
US,10975,256,19009.26647614099
US,5093,74,27228.01390002673
US,17089,504,19707.08643256645
US,5550,98,23606.975754997875
US,2646,30,30936.51350403367
US,696,10,36883.94276629571
US,15748,240,30786.07315308975
US,7014,84,23355.08790623335
US,1763,39,25185.714285714286
US,4317,80,18678.60851505712
US,27354,254,30830.787958026667
US,937,33,26702.76432031918
US,9990,155,30677.10732381391
US,86419,945,23811.872458145503
US,698806,6512,34878.321223186394
US,3221,35,26996.89883496773
US,124,2,18960.244648318043
US,4896,76,26202.836499866204
US,24695,456,26483.99377982733
US,117112,1039,31291.281020883653
US,75241,448,32826.08600808862
US,1365,34,14832.11996088232
US,583,8,37710.21992238033
US,2083,55,29366.98153108699
US,15286,238,40370.80076061694
US,6131,68,33242.96481049721
US,13620,180,28283.667324265392
US,17753,186,40658.20813484793
US,7082,54,33264.44340065758
US,3508,80,25159.5782830094
US,135396,2120,31996.181140600667
US,3600,78,27493.50847716512
US,1753,38,29581.50523118461
US,8936,204,29760.873909278624
US,2811,48,37330.677290836655
US,12877,74,29374.72911011246
US,9901,261,18806.74695133533
US,3056,35,41828.6339994525
US,2533,44,24190.62171712349
US,1040,25,36452.85664213109
US,1083,21,31975.199291408328
US,2090,77,25565.74923547401
US,276773,1621,26748.33048234805
US,898,17,30753.424657534248
US,4592,68,21365.09561252501
US,43326,583,27735.91790485824
US,4047,83,29680.96809680968
US,1402,14,51430.66764490096
US,8575,146,20784.35174637032
US,21396,235,28170.79432792195
US,392,9,28040.057224606586
US,1555,25,32416.093391703147
US,1397,20,40329.09930715936
US,2311,46,40282.37754924176
US,558,14,25702.441271303545
US,2446,44,33566.62549746123
US,696583,7133,26430.61169046213
US,3589,101,28197.674418604653
US,7311,112,36264.88095238096
US,5833,118,31451.5259355117
US,2070,27,38829.48790095667
US,224101,1447,25259.155980509626
US,522,16,23609.22659430122
US,6204,52,61280.12643224022
US,1327,26,40482.00122025625
US,4364,74,39114.45729138657
US,3433,120,18698.257080610023
US,44146,734,26558.2981897812
US,584,12,30227.74327122153
US,256001,3895,30503.980992281093
US,57881,616,31316.48144741541
US,10013,132,23450.747107592862
US,4498,70,26004.509452506216
US,8129,193,22889.56467871825
US,5504,118,21715.458060443463
US,736,27,19216.710182767623
US,2362,50,41351.5406162465
US,254,12,21991.341991342
US,245946,1247,30300.55883541459
US,2675,46,24941.72494172494
US,4320,87,21910.02688035705
US,6685,95,32921.30404806461
US,2403,85,11180.904522613066
US,120012,901,35076.97164018133
US,1506,30,24177.235511318027
US,6290,120,23306.654809544983
US,234,3,16607.523066004258
US,1567,34,20462.261687124577
US,5373,106,25785.86168834285
US,7119,133,32527.643242255323
US,31791,684,23339.353360937363
US,27227,724,21967.001492597523
US,10216,128,35373.961218836565
US,45756,429,27423.92731064988
US,8499,251,25441.53744836257
US,1310,24,44197.0310391363
US,2112,36,24961.588464720484
US,2337,31,43285.79366549361
US,650,21,16526.824307144674
US,14666,261,25460.9214957814
US,1275028,11623,27051.561265136606
US,15858,238,23827.62610250477
US,1503,3,26954.80631276901
US,1133,40,20024.743725698125
US,78740,570,34206.37644390962
US,1482,9,38805.97014925373
US,18557,446,22428.90121710964
US,267945,4032,30844.11660087924
US,10221,204,27888.89192065268
US,9445,169,41027.75726510577
US,15046,299,24408.286423438185
US,8749,193,23592.384856002587
US,5013,121,21826.01880877743
US,8056,193,21972.50709142483
US,1173,18,24007.36799017601
US,19874,375,20157.413230014
US,7653,149,36550.76893686121
US,605,3,39388.020833333336
US,1667,32,18656.966983771683
US,3991,63,27039.29539295393
US,8235,202,23178.248754538545
US,278,10,12225.153913808268
US,63229,880,25134.259535308967
US,3805,23,73173.07692307692
US,14214,225,35111.901585890024
US,52246,782,29716.12528936337
US,5359,97,26684.260319673354
US,6403,75,41042.240881994745
US,42740,559,31390.92498200567
US,9830,134,20724.842402648057
US,104,2,25742.574257425746
US,223,4,29265.09186351706
US,11089,204,21081.74904942965
US,939,16,21650.910767811853
US,56,0,20588.235294117647
US,831,14,22661.57622034361
US,9297,155,30303.129074315515
US,656,25,17903.930131004367
US,2597,50,34534.574468085106
US,12051,281,24170.1598507792
US,5222,127,40502.59830916001
US,6392,96,29830.12880343476
US,4916,124,24392.18021236479
US,5254,63,30477.40588201172
US,4321,95,24827.625833141807
US,22288,417,25264.398825649805
US,6117,137,26099.756794811623
US,811,17,25085.060315496445
US,2427,43,19882.03489800934
US,5125,102,23514.567561367287
US,403,1,238461.53846153847
US,113683,1394,36604.74805920746
US,1706,41,28667.45084859688
US,4330,59,30313.63763651638
US,2041,62,20712.401055408973
US,1412,26,24467.16340322301
US,1059,13,24777.72578380908
US,10324,185,28174.54902709931
US,24188,479,41190.69513981132
US,1957,51,24511.523046092185
US,75252,971,29323.94991875241
US,186,10,25033.64737550471
US,12177,213,23606.15694789082
US,658,13,30776.42656688494
US,48100,516,27200.959102424906
US,6024,109,24267.81613825888
US,1622,39,33285.450441206645
US,2122,52,24833.23581041545
US,5412,136,27308.507417499244
US,172263,1383,28361.13804781434
US,6348,115,30315.18624641834
US,3028,76,24443.00936390055
US,325,13,27083.33333333333
US,15006,280,23013.92552604135
US,14507,233,28948.57621774789
US,1756,64,12916.51342405296
US,3569,108,24255.81079244257
US,119838,1586,33077.55579722546
US,2674,50,27185.847905652703
US,650,6,30776.515151515152
US,17274,381,20713.22365581083
US,8074,158,27661.105210867107
US,5801,138,25010.77864965077
US,40456,491,28315.066000363942
US,2689,54,27995.83550234253
US,3642,72,23017.126967073247
US,9374,265,18254.045528012
US,43535,788,37077.8861303922
US,1215,42,18123.50835322196
US,2274,62,18171.647754514943
US,29975,513,21766.28205035109
US,999,16,25954.793452844893
US,1023,25,29634.99420625724
US,2772,74,23055.809698078683
US,5644,77,35327.99198798197
US,2296,40,33045.480713874495
US,197,2,23067.91569086651
US,5392,79,31580.18039123814
US,31784,285,30295.00071486441
US,2756,72,26851.13016367888
US,12738,244,23412.85887585928
US,1536,94,14570.290267501425
US,1222,47,14835.498361053782
US,6750,110,23389.58383866385
US,14586,363,21858.2346770568
US,1503,40,24822.460776218
US,601,9,21518.08091657716
US,6167,108,36921.51110578938
US,1101,12,33721.28637059724
US,5401,139,21369.78713302208
US,540,16,17868.96095301125
US,57251,1019,24597.531267320013
US,2230,37,24430.324276950043
US,24248,390,37516.43897080439
US,2138,53,22827.24749092462
US,332,9,25716.49883811
US,424,7,31407.40740740741
US,943,14,24973.51694915254
US,2690,34,36366.094362579424
US,687595,6387,32703.4527696592
US,40969,773,29680.36860483649
US,141,3,18170.103092783505
US,2943,87,23855.070114290345
US,297,10,19786.808794137243
US,10313,137,31490.076335877864
US,41194,485,34558.724832214764
US,334125,1846,26227.39910546221
US,3268,81,22305.64466589312
US,5192,91,23957.17977113326
US,101465,35,
US,9110,196,21818.79146408641
US,963,19,26333.059885151764
US,11540,152,43154.706256310536
US,15879,312,32389.597144314124
US,12787,300,22595.86499381516
US,23239,428,25236.74036749055
US,22514,216,30853.35270175823
US,11642,112,21073.018861094017
US,3328,50,27737.956326054344
US,11037,157,30759.155008082045
US,111910,1081,40451.54200945592
US,11597,230,27906.92078159592
US,1354,25,26780.06329113924
US,41356,751,31275.80730545262
US,4264,93,33393.374579058654
US,8775,137,41085.30761307239
US,170638,941,28894.7101943778
US,12865,167,25190.9144311729
US,2226,36,27790.262172284645
US,19687,285,28130.715592135344
US,9832,308,21590.28525000549
US,1648,43,18914.26603925169
US,4499,103,24980.566352026653
US,4522,57,31892.234995415754
US,4539,70,38336.14864864865
US,58205,276,31155.991392692355
US,22956,179,28010.83534665788
US,120040,453,33768.33079686397
US,410508,1830,35375.293962533084
US,5149,53,33636.00731643585
US,11943,100,29687.5388401402
US,72559,708,28788.45589227192
US,15979,29,37914.34333847432
US,25075,115,34701.55966730788
US,14966,124,26431.422415315603
US,4843,9,
US,226280,881,35565.47502102211
US,12224,38,35856.971048077205
US,89619,503,32907.39047577083
US,6940,33,18870.489708241563
US,12193,94,34375.52861573161
US,6524,41,21751.742073150403
US,39572,230,24162.56548658517
US,1461,4,23705.98734382606
US,11672,86,23626.57382292215
US,1292,8,17857.636489288183
US,4351,28,17155.587098809243
US,5124,17,17735.01315242974
US,7152,49,26452.63897621777
US,17030,98,29265.694007664417
US,4445,40,
US,14223,80,24350.699378520432
US,8915,53,21114.58481360428
US,11724,68,21292.36133812793
US,24813,130,23131.78207853228
US,9119,119,28218.22007674217
US,25415,208,23246.1355529132
US,45583,232,28591.5899340141
US,4561,111,30693.13593539704
US,3582,64,27249.90490680867
US,9634,111,30482.51858883088
US,5018,62,31537.92973414619
US,66715,369,28168.568074919145
US,24503,239,32429.391990259137
US,1082,21,26091.150229081264
US,22201,285,28103.5988708432
US,2404,25,38280.25477707006
US,9990,118,29893.17454142853
US,6189,111,36922.80157499105
US,4091,54,25204.8549072762
US,6192,150,29480.099028756427
US,4981,62,29047.119197574066
US,2331,48,35983.32818771226
US,17713,237,32272.93431720871
US,9041,95,29425.54922701383
US,9791,177,32865.63055956497
US,1715,31,24630.188137297144
US,3431,50,28880.47138047138
US,12470,86,26382.600600854737
US,64364,565,26288.725059734108
US,100129,875,28381.07493721691
US,3513,56,24030.37143443464
US,6338,112,36488.19804260219
US,1912,31,34525.099313831706
US,1451,25,28279.087897096084
US,14440,179,27449.8621804011
US,1841,30,18536.04510672573
US,14774,301,36894.416142243535
US,4888,71,34138.84620757089
US,7516,108,26331.27802690583
US,1660,57,31051.253273475497
US,2836,43,25892.44955719894
US,261545,1720,22791.956999891943
US,2741,51,11411.7989924643
US,3510,21,24013.13539029897
US,16629,164,23348.122771053888
US,3719,55,23614.1977268398
US,6902,54,25309.86431976531
US,14138,227,25227.507940473217
US,2681,57,33651.311660599975
US,26744,287,29944.12907415494
US,7248,51,24962.11599393856
US,3293,86,51882.77926579487
US,5280,60,31578.947368421053
US,9649,115,25835.38609831852
US,5779,64,24329.55837157412
US,5656,98,36372.99035369775
US,5087,65,25667.288965134467
US,3908,45,34474.2413549753
US,9666,195,28504.025242546668
US,38739,375,28800.08921269794
US,29106,348,27008.51845665609
US,15289,184,28838.463859966803
US,91424,1083,27635.73928867232
US,16061,331,31768.10332891588
US,496,6,22648.40182648402
US,7844,125,34817.34653113764
US,9221,129,24848.419520870943
US,21280,155,27808.63269866576
US,6909,57,25745.267551050827
US,4733,52,27600.886400746444
US,1476,15,21010.67615658363
US,2338,42,22050.363104781667
US,8477,131,36190.92345130854
US,2736,34,36744.560838033845
US,97880,446,23668.925225735
US,8936,102,23771.647468809024
US,3377,45,27689.406362741884
US,24408,327,29704.99464511732
US,3172,48,23919.76472362567
US,11883,80,28922.964585615187
US,4909,31,28086.7376129992
US,4575,126,36442.568105783015
US,2065,28,23375.59429477021
US,7908,148,25854.1210318109
US,2530,55,23908.523908523908
US,25147,189,25520.88090526209
US,3258,40,21821.835231078367
US,5973,45,25867.220995192933
US,49863,459,27821.45348026224
US,54074,548,22276.326305295333
US,2909,78,24842.01537147737
US,2717,47,22463.82802811079
US,1618,22,40643.05450891736
US,5684,103,37316.17647058824
US,9192,109,24809.04698928504
US,7068,133,29570.74721780604
US,4991,123,28345.070422535213
US,10239,153,32664.45479487016
US,19155,249,31737.7472909832
US,2983,31,24309.347241463613
US,26689,368,28272.844763660247
US,6387,67,21539.86240388507
US,6813,89,29878.95798614157
US,11593,90,30227.10087867964
US,128090,838,27233.780177958262
US,10977,170,32259.67613953625
US,5204,51,28516.631048276617
US,1374,14,18643.14789687924
US,2922,30,32383.907791200265
US,61627,553,26743.651165616484
US,28387,321,30139.298834221645
US,28360,440,28605.14610209496
US,5195,93,23014.220528950515
US,19153,273,23372.13842924781
US,9531,139,35849.69532836831
US,7305,113,28872.37658590569
US,7697,143,35690.438653435966
US,14037,263,32183.143800440204
US,12097,203,40184.02870050492
US,4502,108,25534.56979184391
US,35404,342,25991.2638108872
US,42180,202,27589.905940529297
US,7855,136,31505.69549173753
US,24459,346,26554.69666044209
US,1433,23,22313.920896916847
US,2926,48,26220.98754368671
US,14063,224,34642.19731494026
US,0,0,
US,115797,947,25734.15352887056
US,11498,186,28627.62673040534
US,18222,261,33907.703758838856
US,7554,87,33380.46840477243
US,4345,60,24118.7898973078
US,2326,25,15554.366724622174
US,8175,102,29115.321604102857
US,13968,237,37364.57748174304
US,9713,173,33862.083391437736
US,13861,136,20300.23432923257
US,5647,45,28259.02016714207
US,5606,86,24825.08192365601
US,62042,539,30354.714027105045
US,24171,196,31309.58549222798
US,15809,209,20443.28923717526
US,111985,1047,22936.418694865853
US,751,18,18845.6712672522
US,27341,424,24722.17952311629
US,13333,87,30700.68387483018
US,1825,34,23928.14999344434
US,36835,227,38683.28747558338
US,503,7,22606.74157303371
US,31652,239,32386.19504159291
US,20465,253,27264.491546875208
US,13800,124,16208.407230359053
US,4899,34,15204.36982092424
US,549865,3512,24408.264980810392
US,52668,414,19400.82439137594
US,10399,93,21693.960571607386
US,4321,61,19268.67335562988
US,20865,298,25852.776091293195
US,2680,30,24499.49721181095
US,15817,183,23689.491972202253
US,10644,138,25197.07407144379
US,4853,79,21596.724667349023
US,2979,44,21706.49956280968
US,245455,1612,27122.698844173352
US,1994,3,11341.144352178364
US,28814,272,22300.99454355481
US,1798,17,14880.410494082596
US,205341,1448,24978.1348112052
US,154262,1686,29506.998879108185
US,10107,167,22104.848763204514
US,63339,525,21800.740699947684
US,3297,6,
US,640,11,14260.2495543672
US,19032,175,31323.23897300856
US,49230,375,21474.65397584265
US,10115,102,20188.008941401884
US,83734,863,33377.047350651526
US,5974,77,36335.98929505504
US,45181,347,37912.7472287721
US,8730,103,40686.02320920912
US,4995,52,35788.49322920398
US,6303,112,28729.659510460824
US,34011,443,36990.59220185981
US,2265,15,31861.021240680828
US,2717,54,31934.64974141984
US,2506,20,29663.82575757576
US,16797,236,39609.96085459605
US,2538,23,32442.796880991948
US,4824,61,41701.24481327801
US,12903,184,37225.20339276441
US,7326,75,31611.65048543689
US,8411,152,29194.724054147864
US,5726,52,41565.0406504065
US,26120,290,38836.683715951
US,8807,159,30819.56886898096
US,18459,152,32301.47341896196
US,59239,881,33257.169163054954
US,6972,96,43829.76048280631
US,7288,97,35709.73590082807
US,12944,205,40425.99706424311
US,20364,208,36317.59166785562
US,11225,171,36765.910058628935
US,8945,111,33734.34907225826
US,7475,88,42413.75397185656
US,23430,291,39875.42121923823
US,10268,167,38216.46568408516
US,10010,135,42733.948087431694
US,31434,218,29763.663220088627
US,5911,50,44527.306967984936
US,5229,79,29238.42540818609
US,9376,115,38275.63683866754
US,13888,199,33536.98292724155
US,2361,25,33878.60525182953
US,2504,39,33565.6836461126
US,2571,36,31174.972717351764
US,11090,145,33171.81143814309
US,20885,221,36997.34278122232
US,30655,424,41786.50781750521
US,12101,100,42171.10994946855
US,3046,34,31881.93426836927
US,4510,52,32948.56808883694
US,3878,66,30843.87178875368
US,5961,84,35705.300988319854
US,2444,39,35736.21874543062
US,2729,33,31765.8014200908
US,904,9,
US,8979,106,37140.13898080741
US,11718,149,29739.6071265418
US,2863,38,35284.69312299729
US,5466,98,36282.774643212746
US,1742,28,29926.129531008417
US,28053,380,33589.16640724155
US,9709,136,47607.13935471217
US,5855,70,28956.478733926804
US,4171,43,26802.46754915821
US,16134,155,35659.97701352666
US,4388,49,29183.293429103484
US,103132,625,38985.11389495808
US,4194,14,32184.790115877524
US,5145,45,33378.746594005446
US,16917,138,33773.88248916928
US,22234,220,34387.082804911995
US,9070,133,26082.705469603727
US,19687,149,34219.2171313356
US,5361,32,33234.14543425702
US,179419,647,32818.84780361994
US,33020,378,37591.5026355036
US,8791,91,31773.167558189965
US,14473,95,33541.135573580534
US,15619,85,34427.349673778874
US,36682,215,35053.41819085297
US,1350,17,31431.89755529686
US,39260,317,37967.95063972999
US,3349,56,37194.58018658374
US,15513,163,30158.05128404518
US,11674,65,31585.49783549784
US,6385,72,33759.84772378787
US,6894,34,29115.634766449868
US,1818,50,31967.645507297344
US,6954,46,33686.96410405464
US,26944,270,31785.20449692694
US,9427,76,35324.31520965264
US,56650,720,33409.805320799
US,6842,71,33483.41000293628
US,43695,222,37024.64072668113
US,4446,33,26678.66786678668
US,6762,108,35238.93897545469
US,9040,160,32761.932374152864
US,25188,220,31891.21434269001
US,49540,550,36509.15308197978
US,14581,149,36136.3073110285
US,4644,71,29818.92898420444
US,2411,16,52919.22739244952
US,341679,2501,36128.75187950844
US,14773,113,31939.54986703565
US,13380,135,35275.50751384129
US,10958,152,30785.222643629724
US,64645,451,34406.68494025601
US,27875,213,31242.644668855988
US,2307,20,31659.118979003702
US,13517,78,31615.75525097067
US,15166,132,34639.01514286367
US,22890,178,32343.29961001526
US,4090,42,30634.40940753501
US,71350,761,36345.39073205272
US,4995,57,28953.16485045212
US,55399,463,33913.4640106762
US,4189,62,29545.77514459021
US,20998,166,32584.33940597747
US,6060,71,36598.62302210412
US,14345,166,35074.20719332991
US,39446,362,34199.75723946593
US,30696,168,33848.291375831155
US,5796,83,28491.372953841616
US,9970,75,33626.76650139971
US,0,0,
US,7686,119,24936.733502044
US,6511,108,29335.43590898851
US,33399,312,32155.23549120037
US,5041,52,32067.430025445294
US,46894,371,34472.26428686946
US,139825,1248,34593.19442451472
US,16370,266,32104.33418317317
US,7659,94,31334.12428916254
US,63957,418,37204.41866823341
US,27057,268,37064.89129988082
US,11581,54,29786.52263374485
US,3086,66,26174.72434266328
US,13903,161,30001.510541421205
US,5023,55,33939.18918918919
US,3686,58,26667.63131240052
US,1579,32,20820.14767932489
US,16863,204,42951.02009627875
US,4604,65,34849.74642343502
US,1440,20,32630.86335825969
US,2377,21,28146.832445233867
US,31608,322,31766.834170854272
US,4908,38,24750.37821482602
US,25821,309,32333.642214931504
US,863,12,36629.88115449915
US,7713,153,26419.812290196616
US,2299,44,27391.874180865005
US,10008,90,32829.26029194686
US,2316,28,23558.13243820568
US,12507,139,29537.34973903597
US,12134,16,51713.26287078077
US,6406,43,31672.105211114405
US,0,0,
US,2755,51,35297.88597053171
US,1905,23,27501.08271979212
Uganda,170544,3630,372.84711746573095
Ukraine,163768,2973,13575.48507855508
Ukraine,126202,2751,12548.111101720617
Ukraine,150465,3290,16637.47520384266
Ukraine,212928,5423,11126.32862194321
Ukraine,303551,9454,9466.807340267838
Ukraine,216052,5607,5186.201016298755
Ukraine,181629,3476,13226.195920340911
Ukraine,305661,6858,11424.02558231842
Ukraine,107686,2881,10377.97309278748
Ukraine,201270,3703,15914.3831960813
Ukraine,445098,8966,15083.977226514844
Ukraine,226220,5019,12795.683111417808
Ukraine,45117,1741,4771.513692045573
Ukraine,80033,2392,3719.294201734057
Ukraine,303357,6569,12028.329661013924
Ukraine,146174,3530,5795.907329875525
Ukraine,325462,5917,13673.104488998904
Ukraine,179994,4181,12852.684051215369
Ukraine,171031,2530,14778.437070390504
Ukraine,99770,2562,22510.72288368294
Ukraine,182268,3208,16854.53728345561
Ukraine,146363,2391,13994.257461905248
Ukraine,589607,5793,
Ukraine,149845,3546,9603.023338977207
Ukraine,132045,2394,12753.90455217177
Ukraine,112462,2724,8948.267109695878
Ukraine,215070,5866,12607.894311059212
Ukraine,192801,3538,15800.861011331814
United Arab Emirates,1053213,2349,10648.84130065518
United Kingdom,3904,12,26023.19690707905
United Kingdom,18828,160,30234.612111187835
United Kingdom,7305,64,24159.142772100407
United Kingdom,31472,37,47888.009738283625
United Kingdom,0,0,0.0
United Kingdom,20656177,186138,36901.05435784569
United Kingdom,1930,0,55412.00114843526
United Kingdom,20433,111,60648.24433825057
United Kingdom,34991,66,55541.269841269845
United Kingdom,38008,116,44698.46645968576
United Kingdom,66391,161,60741.9945105215
United Kingdom,1403,8,28065.613122624523
United Kingdom,713294,5166,37908.90731292517
United Kingdom,4,0,5970.149253731343
United Kingdom,2166,0,38261.79120296767
United Kingdom,2157720,16806,39494.81082862007
United Kingdom,6561,38,16945.60669456067
United Kingdom,0,338,
United Kingdom,898118,11500,28615.24246479322
Uruguay,1034303,7617,29775.022619797124
Uzbekistan,251247,1637,750.6812457627086
Vanuatu,12014,14,4104.824381577149
Venezuela,552162,5854,1941.774886804352
Vietnam,11526994,43186,11842.163348525424
West Bank and Gaza,703228,5708,13784.956960969268
Winter Olympics 2022,535,0,
Yemen,11945,2159,40.04899354817252
Zambia,343135,4057,1866.491629984319
Zimbabwe,264276,5671,1778.0885285919792
