Title,Price,Image
Pre-Order Dream Count,"EGP1,240.00",https://diwanegypt.com/wp-content/uploads/2025/04/9780593803479-450x600.jpg
From the Nile to the Euphrates: The American Colony (1898–19,EGP900.00,https://diwanegypt.com/wp-content/uploads/2025/03/9789775864154-450x600.jpg
Once Upon a Time in Makkah: The Story of Saleh Kamel: Vision,"EGP1,880.00",https://diwanegypt.com/wp-content/uploads/2025/03/9781914325779-450x600.jpg
Militia State: The Rise of Al-Hashd Al-Shaabi and the Eclips,"EGP1,880.00",https://diwanegypt.com/wp-content/uploads/2025/03/9781914325168-450x600.jpg
The Story of Syria,"EGP1,500.00",https://diwanegypt.com/wp-content/uploads/2025/03/9781908531520-450x600.jpg
Nasser: The Secret Archives,EGP550.00,https://diwanegypt.com/wp-content/uploads/2025/03/9781739588281-450x600.jpg
"Here, There, Everywhere & In Between: Pictographs ofAn Egypt","EGP4,230.00",https://diwanegypt.com/wp-content/uploads/2025/03/9788989800803-450x600.jpg
Ancient Egypt: The British Museum Concise Introduction,EGP600.00,https://diwanegypt.com/wp-content/uploads/2025/03/9789774249563-450x600.jpg
Photographing Egypt: Forty Years behind the Lens,EGP200.00,https://diwanegypt.com/wp-content/uploads/2025/03/9789774248917-450x600.jpg
Wonders of Karnak: The Sound and Light of Thebes,EGP350.00,https://diwanegypt.com/wp-content/uploads/2025/03/9789771773429-450x600.jpg
Egypt,EGP250.00,https://diwanegypt.com/wp-content/uploads/2025/03/9789771741046-450x600.jpg
Children’s Picture Books and Contemporary Egyptian Society,EGP950.00,https://diwanegypt.com/wp-content/uploads/2025/03/9781649033888-450x600.jpg
Forgotten Saint-Simonian Travelers in Egypt: Suzanne Voilqui,"EGP1,200.00",https://diwanegypt.com/wp-content/uploads/2025/03/9781649033857-450x600.jpg
Gaza I Spy…,"EGP6,005.00",https://diwanegypt.com/wp-content/uploads/2025/02/9786010064058-450x600.jpg
Atomic Habits,"EGP1,355.00",https://diwanegypt.com/wp-content/uploads/2025/02/9781847941831-450x600.jpg
Zeina,EGP680.00,https://diwanegypt.com/wp-content/uploads/2025/02/9780863563553-450x600.jpg
Black Moroccan Lined Hardcover Journal,"EGP1,570.00",https://diwanegypt.com/wp-content/uploads/2025/02/9781551568386-450x600.jpg
Rose Chronicles Ultra Lined Softcover Flexi Journal (Elastic,"EGP1,505.00",https://diwanegypt.com/wp-content/uploads/2025/02/9781439797204-450x600.webp
Celestial Magic (Whimsical Creations) Midi Lined Hardback Jo,"EGP1,130.00",https://diwanegypt.com/wp-content/uploads/2025/02/9781439796931-450x600.jpg
Vault of the Milan Cathedral (Duomo di Milano) Ultra Lined H,"EGP1,570.00",https://diwanegypt.com/wp-content/uploads/2025/02/9781439796757-450x600.jpg
"Renoir, Letter to Morisot (1892) (Embellished Manuscripts Co","EGP1,130.00",https://diwanegypt.com/wp-content/uploads/2025/02/9781439796696-450x600.webp
Astra (Nova Stella) Midi Lined Softcover Flexi Journal (Elas,"EGP1,130.00",https://diwanegypt.com/wp-content/uploads/2025/02/9781439796269-450x600.jpg
Blue Luxe (Luxe Design) Ultra Lined Hardback Journal (Elasti,"EGP1,570.00",https://diwanegypt.com/wp-content/uploads/2025/02/9781439795903-450x600.webp
Wild Thistle (Vox Botanica) Ultra Lined Softcover Flexi Jour,"EGP1,505.00",https://diwanegypt.com/wp-content/uploads/2025/02/9781439794067-450x600.webp
Garnet (Silver Filigree Collection) Ultra Lined Softcover Fl,"EGP1,505.00",https://diwanegypt.com/wp-content/uploads/2025/02/9781439794012-450x600.webp
First Folio (Shakespeare’s Library) Midi Lined Softcover Fle,"EGP1,130.00",https://diwanegypt.com/wp-content/uploads/2025/02/9781439793985-450x600.webp
Morris Pink Honeysuckle (William Morris) Ultra Lined Hardcov,"EGP1,570.00",https://diwanegypt.com/wp-content/uploads/2025/02/9781439793855-450x600.webp
Diamond Jubilee (Sangorski & Sutcliffe) Ultra Lined Hardcove,"EGP1,570.00",https://diwanegypt.com/wp-content/uploads/2025/02/9781439793664-450x600.webp
"Wilde, The Importance of Being Earnest (Embellished Manuscri","EGP1,130.00",https://diwanegypt.com/wp-content/uploads/2025/02/9781439793657-450x600.webp
Enigma (Le Gascon) Midi Lined Journal,"EGP1,130.00",https://diwanegypt.com/wp-content/uploads/2025/02/9781439793435-450x600.webp
Enigma (Le Gascon) Ultra Lined Journal,"EGP1,505.00",https://diwanegypt.com/wp-content/uploads/2025/02/9781439793411-450x600.webp
Wildwood (Tree of Life) Ultra Lined Journal,"EGP1,570.00",https://diwanegypt.com/wp-content/uploads/2025/02/9781439793176-450x600.jpg
Inkblot (Old Leather Collection) Ultra Lined Journal,"EGP1,570.00",https://diwanegypt.com/wp-content/uploads/2025/02/9781439793091-450x600.webp
Kara-ori (Japanese Kimono) Midi Lined Journal,"EGP1,130.00",https://diwanegypt.com/wp-content/uploads/2025/02/9781439793008-450x600.jpg
Kara-ori (Japanese Kimono) Ultra Lined Journal,"EGP1,570.00",https://diwanegypt.com/wp-content/uploads/2025/02/9781439792988-450x600.webp
"Kahlil Gibran, The Prophet (Embellished Manuscripts Collecti","EGP1,570.00",https://diwanegypt.com/wp-content/uploads/2025/02/9781439792964-450x600.webp
Midnight Star (Cairo Atelier) Ultra Lined Journal,"EGP1,570.00",https://diwanegypt.com/wp-content/uploads/2025/02/9781439792919-450x600.jpg
Turquoise Chronicles Midi Lined Journal,"EGP1,130.00",https://diwanegypt.com/wp-content/uploads/2025/02/9781439782262-450x600.webp
Safavid Indigo (Safavid Binding Art) Ultra Lined Hardcover J,"EGP1,570.00",https://diwanegypt.com/wp-content/uploads/2025/02/9781439781982-450x600.webp
Terrene (Medina Mystic) Midi Lined Hardcover Journal,"EGP1,130.00",https://diwanegypt.com/wp-content/uploads/2025/02/9781439781944-450x600.webp
"Angelou, I Know Why the Caged Bird Sings (Embellished Manusc","EGP1,130.00",https://diwanegypt.com/wp-content/uploads/2025/02/9781439781852-450x600.jpg
Oceania (Diamond Rosette) Midi Lined Hardcover Journal,"EGP1,130.00",https://diwanegypt.com/wp-content/uploads/2025/02/9781439781142-450x600.jpg
Evangeline (Carta Condé) Midi Lined Hardcover Journal,"EGP1,130.00",https://diwanegypt.com/wp-content/uploads/2025/02/9781439781104-450x600.jpg
Bavarian Wild Flower Lined Softcover Flexi Journal,"EGP1,505.00",https://diwanegypt.com/wp-content/uploads/2025/02/9781439772621-450x600.jpg
Pinnacle Lined Softcover Flexi Journal,"EGP1,505.00",https://diwanegypt.com/wp-content/uploads/2025/02/9781439772591-450x600.webp
Celebrating Charlie Chaplin Lined Hardcover Journal,"EGP1,130.00",https://diwanegypt.com/wp-content/uploads/2025/02/9781439772553-450x600.jpg
Golden Pathway Lined Hardcover Journal,"EGP1,130.00",https://diwanegypt.com/wp-content/uploads/2025/02/9781439772355-450x600.webp
Anemone Lined Hardcover Journal,"EGP1,130.00",https://diwanegypt.com/wp-content/uploads/2025/02/9781439772287-450x600.webp
Anemone Lined Hardcover Journal,"EGP1,570.00",https://diwanegypt.com/wp-content/uploads/2025/02/9781439772270-450x600.jpg
Maria and Mares Lined Hardcover Journal,"EGP1,130.00",https://diwanegypt.com/wp-content/uploads/2025/02/9781439772225-450x600.jpg
Restoration Lined Hardcover Journal,"EGP1,570.00",https://diwanegypt.com/wp-content/uploads/2025/02/9781439772072-450x600.webp
"Verne, Twenty Thousand Leagues Lined Hardcover Journal","EGP1,130.00",https://diwanegypt.com/wp-content/uploads/2025/02/9781439764923-450x600.webp
Lindau Lined Softcover Flexi Journal,"EGP1,255.00",https://diwanegypt.com/wp-content/uploads/2025/02/9781439764237-450x600.webp
Golden Trefoil Lined Hardcover Journal,"EGP1,570.00",https://diwanegypt.com/wp-content/uploads/2025/02/9781439763612-450x600.jpg
Destiny Lined Hardcover Journal,"EGP1,570.00",https://diwanegypt.com/wp-content/uploads/2025/02/9781439754788-450x600.jpg
Mystique Lined Softcover Flexi Journal,"EGP1,505.00",https://diwanegypt.com/wp-content/uploads/2025/02/9781439744536-450x600.jpg
Black Moroccan Lined Softcover Flexi Journal,"EGP1,130.00",https://diwanegypt.com/wp-content/uploads/2025/02/9781439744437-450x600.jpg
Aurelia Ultra Lined Hardcover Journal,"EGP1,570.00",https://diwanegypt.com/wp-content/uploads/2025/02/9781439744017-450x600.webp
Turquoise Chronicles Ultra Lined Hardcover Journal,"EGP1,570.00",https://diwanegypt.com/wp-content/uploads/2025/02/9781439732137-450x600.webp
Adina (Bukhara) Ultra Lined Hardcover Journal,"EGP1,570.00",https://diwanegypt.com/wp-content/uploads/2025/02/9781439731451-450x600.webp
Metta (Kirikane Collection) Midi Lined Hardcover Journal (Wr,EGP890.00,https://diwanegypt.com/wp-content/uploads/2025/02/9781439725436-450x600.webp
Shiraz Ultra Lined Hardcover Journal,"EGP1,570.00",https://diwanegypt.com/wp-content/uploads/2025/02/9781439725382-450x600.jpg
Gold Inlay Ultra Lined Hardcover Journal,"EGP1,695.00",https://diwanegypt.com/wp-content/uploads/2025/02/9781439725306-450x600.jpg
Safavid (Safavid Binding Art) Ultra Lined Hardcover Journal,"EGP1,570.00",https://diwanegypt.com/wp-content/uploads/2025/02/9781439716014-450x600.webp
Grolier (Grolier Ornamentali) Ultra Lined Hardcover Journal,"EGP1,570.00",https://diwanegypt.com/wp-content/uploads/2025/02/9781439715956-450x600.jpg
Lindau (Lindau Gospels) Ultra Lined Hardcover Journal,"EGP1,570.00",https://diwanegypt.com/wp-content/uploads/2025/02/9781439710135-450x600.webp
Don’t Believe Everything You Think,"EGP1,280.00",https://diwanegypt.com/wp-content/uploads/2025/02/9798893310153-450x600.jpg
Angelic Vibrations Oracle,"EGP1,070.00",https://diwanegypt.com/wp-content/uploads/2025/02/9798888501399-450x600.jpg
For the Love of Diamonds,"EGP3,755.00",https://diwanegypt.com/wp-content/uploads/2025/02/9783961716043-450x600.jpg
The Red Book,"EGP3,755.00",https://diwanegypt.com/wp-content/uploads/2025/02/9783961715923-450x600.jpg
The White Book,"EGP3,755.00",https://diwanegypt.com/wp-content/uploads/2025/02/9783961715916-450x600.jpg
The Pink Book,"EGP3,755.00",https://diwanegypt.com/wp-content/uploads/2025/02/9783961715626-450x600.jpg
The Black Book,"EGP3,755.00",https://diwanegypt.com/wp-content/uploads/2025/02/9783961715619-450x600.jpg
Jeanne Lanvin,"EGP3,755.00",https://diwanegypt.com/wp-content/uploads/2025/02/9783961714421-450x600.jpg
Occult Tarot,"EGP1,505.00",https://diwanegypt.com/wp-content/uploads/2021/11/9781925924213-450x600.jpg
The Full Moon Coffee Shop,"EGP1,130.00",https://diwanegypt.com/wp-content/uploads/2025/02/9781914240935-450x600.jpg
The Bookshop Woman,"EGP1,130.00",https://diwanegypt.com/wp-content/uploads/2025/02/9781914240812-450x600.jpg
About My Mother,EGP680.00,https://diwanegypt.com/wp-content/uploads/2025/02/9781846592010-450x600.jpg
Jamilia,EGP605.00,https://diwanegypt.com/wp-content/uploads/2025/02/9781846590320-450x600.jpg
Convenience Store Woman,EGP755.00,https://diwanegypt.com/wp-content/uploads/2025/02/9781846276842-450x600.jpg
Rebecca,EGP755.00,https://diwanegypt.com/wp-content/uploads/2025/02/9781844080380-450x600.jpg
How To Become A Successful Artist,"EGP1,880.00",https://diwanegypt.com/wp-content/uploads/2025/02/9781838662424-450x600.jpg
Garden of Delights (Foiled Journal),EGP695.00,https://diwanegypt.com/wp-content/uploads/2025/02/9781804179529-450x600.jpg
Annie Soudain: Wayside Winter (Foiled Journal),EGP695.00,https://diwanegypt.com/wp-content/uploads/2025/02/9781804179512-450x600.jpg
Little Book of Dolce & Gabbana,"EGP1,055.00",https://diwanegypt.com/wp-content/uploads/2025/02/9781802797657-450x600.jpg
Little Book of Chloe,"EGP1,055.00",https://diwanegypt.com/wp-content/uploads/2025/02/9781802797626-450x600.jpg
Cribsheet,EGP830.00,https://diwanegypt.com/wp-content/uploads/2025/02/9781788164498-450x600.jpg
The Party,EGP980.00,https://diwanegypt.com/wp-content/uploads/2025/02/9781787335554-450x600.jpg
Days at the Morisaki Bookshop,EGP830.00,https://diwanegypt.com/wp-content/uploads/2025/02/9781786583239-450x600.jpg
The Door-to-Door Bookstore,EGP830.00,https://diwanegypt.com/wp-content/uploads/2025/02/9781786583109-450x600.jpg
Recovering from Emotionally Immature Parents,"EGP1,205.00",https://diwanegypt.com/wp-content/uploads/2025/02/9781684032525-450x600.jpg
How To Solve Your Own Murder,EGP755.00,https://diwanegypt.com/wp-content/uploads/2025/02/9781529430073-450x600.jpg
The Garden Against Time,"EGP1,505.00",https://diwanegypt.com/wp-content/uploads/2025/02/9781529066678-450x600.jpg
Radical Candor,EGP530.00,https://diwanegypt.com/wp-content/uploads/2025/02/9781529038347-450x600.jpg
Defiant,EGP755.00,https://diwanegypt.com/wp-content/uploads/2025/02/9781473234628-450x600.jpg
Permission Marketing,EGP755.00,https://diwanegypt.com/wp-content/uploads/2025/02/9781416526667-450x600.jpg
Chasing Salah,"EGP1,280.00",https://diwanegypt.com/wp-content/uploads/2025/02/9781408721162-450x600.jpg
Soul Coaching Oracle Cards,"EGP1,730.00",https://diwanegypt.com/wp-content/uploads/2025/02/9781401978464-450x600.jpg
The Chibineko Kitchen,EGP830.00,https://diwanegypt.com/wp-content/uploads/2025/02/9781399817615-450x600.jpg
Quicksilver,"EGP1,205.00",https://diwanegypt.com/wp-content/uploads/2025/02/9781399745420-450x600.jpg
The Ministry of Time,"EGP1,130.00",https://diwanegypt.com/wp-content/uploads/2025/02/9781399726351-450x600.jpg
The Wedding People,"EGP1,505.00",https://diwanegypt.com/wp-content/uploads/2025/02/9781399622738-450x600.jpg
The Convenience Store by the Sea,EGP755.00,https://diwanegypt.com/wp-content/uploads/2025/02/9781398722774-450x600.jpg
The Lion Women of Tehran,EGP755.00,https://diwanegypt.com/wp-content/uploads/2025/02/9781398534759-450x600.jpg
The Booklover’s Library,EGP830.00,https://diwanegypt.com/wp-content/uploads/2025/02/9781335000392-450x600.jpg
A Serial Killer’s Guide to Marriage,"EGP1,130.00",https://diwanegypt.com/wp-content/uploads/2025/02/9781035419678-450x600.jpg
DallerGut Dream Department Store,EGP755.00,https://diwanegypt.com/wp-content/uploads/2025/02/9781035412761-450x600.jpg
Rewitched,"EGP1,130.00",https://diwanegypt.com/wp-content/uploads/2025/02/9781035045464-450x600.jpg
Long Island,"EGP1,130.00",https://diwanegypt.com/wp-content/uploads/2025/02/9781035029457-450x600.jpg
Martyr!,EGP755.00,https://diwanegypt.com/wp-content/uploads/2025/02/9781035026081-450x600.jpg
The Lantern of Lost Memories,"EGP1,130.00",https://diwanegypt.com/wp-content/uploads/2025/02/9781035023622-450x600.jpg
The Restaurant of Lost Recipes,EGP830.00,https://diwanegypt.com/wp-content/uploads/2025/02/9781035009633-450x600.jpg
Memoirs of a Woman Doctor,EGP755.00,https://diwanegypt.com/wp-content/uploads/2025/02/9780863566103-450x600.jpg
A Very Short History of the Israel–Palestine Conflict,EGP755.00,https://diwanegypt.com/wp-content/uploads/2025/02/9780861549719-450x600.jpg
Think Again,EGP980.00,https://diwanegypt.com/wp-content/uploads/2025/02/9780753553916-450x600.jpg
Raising Lifelong Learners,"EGP1,430.00",https://diwanegypt.com/wp-content/uploads/2025/02/9780738200248-450x600.jpg
The Striker,EGP755.00,https://diwanegypt.com/wp-content/uploads/2025/02/9780349442259-450x600.jpg
Onyx Storm,"EGP1,280.00",https://diwanegypt.com/wp-content/uploads/2025/02/9780349437071-450x600.jpg
Iron Flame,EGP830.00,https://diwanegypt.com/wp-content/uploads/2025/02/9780349437057-450x600.jpg
House of Huawei,"EGP1,280.00",https://diwanegypt.com/wp-content/uploads/2025/02/9780349146485-450x600.jpg
Sunset Oasis,EGP755.00,https://diwanegypt.com/wp-content/uploads/2025/02/9780340924884-450x600.jpg
The Book of Gifts,"EGP1,280.00",https://diwanegypt.com/wp-content/uploads/2025/02/9780241719176-450x600.jpg
A Doll’s House and Other Plays,EGP980.00,https://diwanegypt.com/wp-content/uploads/2022/01/9780141194561-450x600.jpg
Beating Heart,EGP755.00,https://diwanegypt.com/wp-content/uploads/2025/02/9780008719630-450x600.jpg
The God of The Woods,"EGP1,055.00",https://diwanegypt.com/wp-content/uploads/2025/02/9780008663803-450x600.jpg
Blue Sisters,EGP755.00,https://diwanegypt.com/wp-content/uploads/2025/02/9780008623036-450x600.jpg
I Hope This Finds You Well,"EGP1,055.00",https://diwanegypt.com/wp-content/uploads/2025/02/9780008604462-450x600.jpg
The Forgotten Bookshop in Paris,EGP755.00,https://diwanegypt.com/wp-content/uploads/2025/02/9780008525248-450x600.jpg
A Mind of Your Own,EGP980.00,https://diwanegypt.com/wp-content/uploads/2025/02/9780008128005-450x600.jpg
The Cairo House,EGP905.00,https://diwanegypt.com/wp-content/uploads/2025/02/9780007182183-450x600.jpg
Blue Moon 2: Fall into Temptation,"EGP1,240.00",https://diwanegypt.com/wp-content/uploads/2025/02/9781728295237-450x600.jpg
Blue Moon 1: No More Secrets,"EGP1,240.00",https://diwanegypt.com/wp-content/uploads/2025/02/9781728295220-450x600.jpg
The Power of Saying No: The New Science of How to Say No tha,"EGP1,175.00",https://diwanegypt.com/wp-content/uploads/2025/02/9781728293547-450x600.jpg
Thutmose III and Hatshepsut Pharaohs of Egypt: Their Lives a,EGP950.00,https://diwanegypt.com/wp-content/uploads/2025/02/9781649031594-450x600.jpg
Kingmakers 1: Year One,"EGP1,175.00",https://diwanegypt.com/wp-content/uploads/2025/02/9781464231537-450x600.jpg
Wags 1: Good Boy: A Friends with Benefits Hockey Romance,"EGP1,110.00",https://diwanegypt.com/wp-content/uploads/2025/02/9781464227349-450x600.jpg
The Kingdom of Crows 1: House of Beating Wings,"EGP1,240.00",https://diwanegypt.com/wp-content/uploads/2025/02/9781464222092-450x600.jpg
Hades 2: Anarchy,"EGP1,175.00",https://diwanegypt.com/wp-content/uploads/2025/02/9781464220616-450x600.jpg
Hades 1: 7th Circle,"EGP1,175.00",https://diwanegypt.com/wp-content/uploads/2025/02/9781464220609-450x600.jpg
"Friends, Lovers, and the Big Terrible Thing: A Memoir",EGP850.00,https://diwanegypt.com/wp-content/uploads/2025/02/9781250866455-450x600.jpg
The Last One at the Wedding,"EGP1,110.00",https://diwanegypt.com/wp-content/uploads/2025/02/9781250374615-450x600.jpg
The Maidens,EGP720.00,https://diwanegypt.com/wp-content/uploads/2025/02/9781250326669.jpg
The Prophet: A Graphic Novel (Pre-Order),"EGP2,280.00",https://diwanegypt.com/wp-content/uploads/2025/02/9781623716455-450x600.jpg
Sameh Al Tawil: The Monograph,EGP590.00,https://diwanegypt.com/wp-content/uploads/2025/01/9789778800517-450x600.jpg
God Is Red: A Native View of Religion,"EGP4,360.00",https://diwanegypt.com/wp-content/uploads/2025/01/9786010059672-450x600.jpg
When Jesus Became God: The Struggle to Define Christianity d,"EGP3,010.00",https://diwanegypt.com/wp-content/uploads/2025/01/9786010056244-450x600.jpg
The Search for God in Ancient Egypt,"EGP4,025.00",https://diwanegypt.com/wp-content/uploads/2025/01/9786010055148-450x600.jpg
What the War Left Behind: Women’s Stories of Resistance and,"EGP1,500.00",https://diwanegypt.com/wp-content/uploads/2025/01/9780815638384-450x600.jpg
"Women’s War Stories: The Lebanese Civil War, Women’s Labor,","EGP1,500.00",https://diwanegypt.com/wp-content/uploads/2025/01/9780815637820-450x600.jpg
Egyptian Ancient Origins: Stories Of People & Civilization (,EGP980.00,https://diwanegypt.com/wp-content/uploads/2025/01/9781804175767-450x600.jpg
The Innovative Dinosaur: A Guidebook for Crossing the Transf,"EGP2,280.00",https://diwanegypt.com/wp-content/uploads/2025/01/9798887506739-450x600.png
"African Myths & Legends: Tales of Heroes, Gods & Monsters",EGP980.00,https://diwanegypt.com/wp-content/uploads/2025/01/9781839648885-450x600.jpg
"Arabian Folk & Fairy Tales: Fables, Folkore & Ancient Storie",EGP980.00,https://diwanegypt.com/wp-content/uploads/2025/01/9781804178058-450x600.jpg
Palestine as Metaphor,"EGP1,305.00",https://diwanegypt.com/wp-content/uploads/2025/01/9781623719425-450x600.jpg
All That’s Left to You: A Novella and Other Stories,"EGP1,045.00",https://diwanegypt.com/wp-content/uploads/2025/01/9781623717247-450x600.jpg
"Mahmoud Darwish, Exile’s Poet (Critical Essays)","EGP1,630.00",https://diwanegypt.com/wp-content/uploads/2025/01/9781566566643-450x600.jpg
No One Prayed Over Their Graves,"EGP1,435.00",https://diwanegypt.com/wp-content/uploads/2025/01/9781250872876-450x600.jpg
Variations on Night and Day,"EGP1,175.00",https://diwanegypt.com/wp-content/uploads/2025/01/9780679755517-450x600.jpg
"Egyptian Myths & Legends: Tales of Heroes, Gods & Monsters (",EGP980.00,https://diwanegypt.com/wp-content/uploads/2025/01/9781804173268-450x600.jpg
Almond Blossoms and Beyond,"EGP1,305.00",https://diwanegypt.com/wp-content/uploads/2025/01/9781623716769-450x600.jpg
Cat & Mouse 2: Hunting Adeline,"EGP1,305.00",https://diwanegypt.com/wp-content/uploads/2025/01/9781638932475-450x600.jpg
The Perfect son,"EGP1,175.00",https://diwanegypt.com/wp-content/uploads/2025/01/9781464227295-450x600.jpg
In the Country of Men,"EGP1,175.00",https://diwanegypt.com/wp-content/uploads/2025/01/9780385340434-450x600.jpg
Personalized: Customer Strategy in the Age of AI,"EGP2,085.00",https://diwanegypt.com/wp-content/uploads/2025/01/9781647826277-450x600.jpg
HBR Sales Management Handbook: How to Lead High-Performing Sales Teams,"EGP1,955.00",https://diwanegypt.com/wp-content/uploads/2025/01/9781647826802-450x600.jpg
Guns and Almond Milk,"EGP1,045.00",https://diwanegypt.com/wp-content/uploads/2025/01/9781623711054-450x600.jpg
"HBR Work Smart: Writing, Presenting, and Communicating with","EGP1,435.00",https://diwanegypt.com/wp-content/uploads/2025/01/9798892790093-450x600.webp
The Age of Outrage: How to Lead in a Polarized World,"EGP2,085.00",https://diwanegypt.com/wp-content/uploads/2025/01/9781647826291-450x600.jpg
"HBR Work Smart: People, Performance, and Succeeding as a Man","EGP1,435.00",https://diwanegypt.com/wp-content/uploads/2025/01/9798892790062-450x600.jpg
HBR’s10 Must Reads 2025:The Definitive Management Ideas of the year,"EGP1,630.00",https://diwanegypt.com/wp-content/uploads/2025/01/9798892790031-450x600.jpg
The Vegetarian,EGP785.00,https://diwanegypt.com/wp-content/uploads/2025/01/9781101906118-450x600.jpg
Triple Fit Strategy: How to Build Lasting Customer Relations,"EGP2,280.00",https://diwanegypt.com/wp-content/uploads/2025/01/9781647827144-450x600.jpg
Turkuaz Kitchen: Traditional and Modern Dough Recipes for Sw,"EGP2,020.00",https://diwanegypt.com/wp-content/uploads/2025/01/9781984862228-450x600.jpg
Terrible Beauty: Reckoning with Climate Complicity and Redis,"EGP2,085.00",https://diwanegypt.com/wp-content/uploads/2025/01/9781647829759-450x600.jpg
The Teacher,"EGP1,175.00",https://diwanegypt.com/wp-content/uploads/2025/01/9781728296210-450x600.jpg
War,"EGP2,085.00",https://diwanegypt.com/wp-content/uploads/2025/01/9781668052273-450x600.jpg
Gaza Faces History,"EGP1,045.00",https://diwanegypt.com/wp-content/uploads/2025/01/9781635425543-450x600.jpg
Cat & Mouse: Where’s Molly (A Cat & Mouse Spin-off),"EGP1,175.00",https://diwanegypt.com/wp-content/uploads/2025/01/9781638932482-450x600.jpg
Cat & Mouse 1: Haunting Adeline,"EGP1,305.00",https://diwanegypt.com/wp-content/uploads/2025/01/9781638932468-450x600.jpg
The Stained Glass Tarot Deck: An Illuminated Journey through,"EGP2,280.00",https://diwanegypt.com/wp-content/uploads/2025/01/9798888500828-450x600.jpg
Beetlejuice Tarot Deck (78-Card Deck & Guidebook),"EGP1,825.00",https://diwanegypt.com/wp-content/uploads/2025/01/9798886637267-450x600.jpg
Christina Ricci’s Cat Full of Spiders Tarot Deck (78-Card De,"EGP1,955.00",https://diwanegypt.com/wp-content/uploads/2025/01/9798886635942-450x600.jpg
Angel Oracle,"EGP1,630.00",https://diwanegypt.com/wp-content/uploads/2025/01/9781922786609-450x600.jpg
Wise Woman Oracle: Reconnect with She Who Knows,"EGP1,630.00",https://diwanegypt.com/wp-content/uploads/2025/01/9781922786050-450x600.jpg
Ancient Egyptian Tarot Cards (78-Card Deck & Guidebook),"EGP1,630.00",https://diwanegypt.com/wp-content/uploads/2025/01/9781804179642-450x600.jpg
Manifestation Tarot Deck: Make your dreams become your reali,"EGP1,500.00",https://diwanegypt.com/wp-content/uploads/2025/01/9781800653733-450x600.jpg
The Love Oracle (40-Card Deck & Guidebook),"EGP2,150.00",https://diwanegypt.com/wp-content/uploads/2025/01/9781646712571-450x600.jpg
Azra’s Golden Lenormand Cards,"EGP2,150.00",https://diwanegypt.com/wp-content/uploads/2025/01/9781646712564-450x600.jpg
The Phoenix Cards: 44 Archetypes for Your Inner Light,"EGP2,150.00",https://diwanegypt.com/wp-content/uploads/2025/01/9781646712533-450x600.jpg
Botanical Dreams Oracle (56-Card Deck & Guidebook),"EGP1,565.00",https://diwanegypt.com/wp-content/uploads/2025/01/9781646712403-450x600.jpg
Whispers of the Dolphin Heart: An Oracle of Divine Connectio,"EGP1,890.00",https://diwanegypt.com/wp-content/uploads/2025/01/9781646712397-450x600.jpg
The Tarot Of The Dance Of Souls (78-Card Deck & 15 Guide Car,"EGP2,605.00",https://diwanegypt.com/wp-content/uploads/2025/01/9781646712359-450x600.jpg
The Luminescent Oracle,"EGP1,175.00",https://diwanegypt.com/wp-content/uploads/2025/01/9781646712267-450x600.jpg
Calandra Tarot,"EGP1,565.00",https://diwanegypt.com/wp-content/uploads/2025/01/9781646712205.jpg
Elemental North Tarot (78-Card Deck & Guidebook),"EGP1,630.00",https://diwanegypt.com/wp-content/uploads/2025/01/9781646712199-450x600.jpg
Dream Song Oracle (45-Card Deck & Guidebook),"EGP1,760.00",https://diwanegypt.com/wp-content/uploads/2025/01/9781646712144-450x600.jpg
Fairy Tale Tarot (78-Card Deck & Guidebook),"EGP1,565.00",https://diwanegypt.com/wp-content/uploads/2025/01/9781646712137-450x600.jpg
Golden Keys of Gaia: Oracle of Elemental Wisdom (50-Card Dec,"EGP2,085.00",https://diwanegypt.com/wp-content/uploads/2025/01/9781646712090-450x600.jpg
Find Your Magic Tarot (78-Card Deck & Guidebook),"EGP1,955.00",https://diwanegypt.com/wp-content/uploads/2025/01/9781646712069-450x600.jpg
The Mysterion: Rumi and the Secret of Becoming Fully Human,"EGP1,435.00",https://diwanegypt.com/wp-content/uploads/2025/01/9781645471448-450x600.jpg
The Complete Tarot Kit: Featuring the Rider-Waite and Crowle,"EGP3,385.00",https://diwanegypt.com/wp-content/uploads/2025/01/9781572813458-450x600.jpg
Beginner’s Guide to Tarot,"EGP1,630.00",https://diwanegypt.com/wp-content/uploads/2022/06/9781250131140-450x600.jpg
1JJ Swiss Tarot Deck (78-Card Deck & Guidebook),"EGP1,825.00",https://diwanegypt.com/wp-content/uploads/2025/01/9780913866511.jpg
Extremely Loud And Incredibly Close,"EGP1,240.00",https://diwanegypt.com/wp-content/uploads/2025/01/9780618711659-450x600.jpg
The City and Its Uncertain Walls,"EGP2,085.00",https://diwanegypt.com/wp-content/uploads/2025/01/9780593801970-450x600.jpg
The Myth of American Idealism: How U.S. Foreign Policy Endan,"EGP1,370.00",https://diwanegypt.com/wp-content/uploads/2025/01/9780593656327-450x600.jpg
"Tomorrow, and Tomorrow, and Tomorrow",EGP770.00,https://diwanegypt.com/wp-content/uploads/2025/01/9780593466490-450x600.jpg
The White Book,"EGP1,240.00",https://diwanegypt.com/wp-content/uploads/2025/01/9780525573067-450x600.jpg
Citizen: My Life After the White House,"EGP2,475.00",https://diwanegypt.com/wp-content/uploads/2025/01/9780525521440-450x600.jpg
The Giver of Stars,"EGP1,175.00",https://diwanegypt.com/wp-content/uploads/2025/01/9780399562495-450x600.jpg
Me Before You 3: Still Me,EGP770.00,https://diwanegypt.com/wp-content/uploads/2025/01/9780399562464-450x600.jpg
Cities of Salt,"EGP1,305.00",https://diwanegypt.com/wp-content/uploads/2025/01/9780394755267-450x600.jpg
Unabridged Journals of Sylvia Plath,"EGP1,435.00",https://diwanegypt.com/wp-content/uploads/2025/01/9780385720250-450x600.jpg
The First World War,"EGP1,500.00",https://diwanegypt.com/wp-content/uploads/2025/01/9780375700453-450x600.jpg
Intermezzo,"EGP1,110.00",https://diwanegypt.com/wp-content/uploads/2025/01/9780374608538-450x600.jpg
The Threshold (Poems),"EGP1,110.00",https://diwanegypt.com/wp-content/uploads/2025/01/9780374607852-450x600.jpg
City Gates,"EGP1,175.00",https://diwanegypt.com/wp-content/uploads/2025/01/9780312427153-450x600.jpg
Call Me by Your Name: A Novel,"EGP1,175.00",https://diwanegypt.com/wp-content/uploads/2025/01/9780312426781-450x600.jpg
How to Let Things Go: 99 Tips from a Zen Buddhist Monk to Re,"EGP1,240.00",https://diwanegypt.com/wp-content/uploads/2025/01/9780143138136-450x600.jpg
The Forty Rules of Love,"EGP1,240.00",https://diwanegypt.com/wp-content/uploads/2022/01/9780143118527-450x600.jpg
Window Shopping,"EGP1,240.00",https://diwanegypt.com/wp-content/uploads/2025/01/9780063330085-450x600.jpg
It’s All in Your Head,"EGP1,435.00",https://diwanegypt.com/wp-content/uploads/2025/01/9780062962430-450x600.jpg
"SuperFreakonomics: Global Cooling, Patriotic Prostitutes, an",EGP590.00,https://diwanegypt.com/wp-content/uploads/2022/01/9780062063373-450x600.jpg
Linda Goodman’s Love Signs: A New Approach to the Human,"EGP1,630.00",https://diwanegypt.com/wp-content/uploads/2025/01/9780060968960-450x600.jpg
Pride and Prejudice,EGP305.00,https://diwanegypt.com/wp-content/uploads/2025/01/9781853260001-450x600.jpg
Ulysses,EGP305.00,https://diwanegypt.com/wp-content/uploads/2025/01/9781840226355-450x600.jpg
100 Things Successful People Do: Little Exercises for Succes,"EGP1,130.00",https://diwanegypt.com/wp-content/uploads/2022/02/9781529355932-450x600.jpg
Happy Money The Japanese Art of Making Peace with Your Money,EGP830.00,https://diwanegypt.com/wp-content/uploads/2021/10/9781473684157-450x600.jpg
Silent Patient,EGP755.00,https://diwanegypt.com/wp-content/uploads/2025/01/9781409181637-450x600.jpg
Mornings in Jenin,EGP755.00,https://diwanegypt.com/wp-content/uploads/2025/01/9781408809488-450x600.jpg
Fairy Tale,EGP830.00,https://diwanegypt.com/wp-content/uploads/2025/01/9781399705455-450x600.jpg
Great Dune Trilogy,"EGP1,880.00",https://diwanegypt.com/wp-content/uploads/2025/01/9780575070707-450x600.jpg
Selected Poems,EGP980.00,https://diwanegypt.com/wp-content/uploads/2025/01/9780571135868-450x600.jpg
Sylvia Plath Collected Poems,"EGP1,430.00",https://diwanegypt.com/wp-content/uploads/2025/01/9780571118380-450x600.jpg
Daring Greatly: How the Courage to Be Vulnerable Transforms,EGP830.00,https://diwanegypt.com/wp-content/uploads/2025/01/9780241257401-450x600.jpg
Three Act Tragedy (Poirot),EGP605.00,https://diwanegypt.com/wp-content/uploads/2025/01/9780008164867-450x600.jpg
A long Walk from Gaza,"EGP1,045.00",https://diwanegypt.com/wp-content/uploads/2025/01/9781623716851-450x600.jpg
"Sorry, Shakespeare !",EGP350.00,https://diwanegypt.com/wp-content/uploads/2024/12/9789779627076.jpg
Wildlife of the Holy Land,EGP110.00,https://diwanegypt.com/wp-content/uploads/2024/12/9789774166747-1-450x600.jpg
Homecoming: Sixty Years of Egyptian Short Stories,EGP200.00,https://diwanegypt.com/wp-content/uploads/2024/12/9789774164477-450x600.jpg
Ahmed Farid: Another Story,"EGP4,900.00",https://diwanegypt.com/wp-content/uploads/2024/12/9788883419805-450x600.jpg
The AI Playbook: Mastering the Rare Art of Machine Learning,"EGP2,150.00",https://diwanegypt.com/wp-content/uploads/2024/12/9786010059665-450x600.jpg
Georgia Breeze: Bookshelves (Foiled Journal),EGP695.00,https://diwanegypt.com/wp-content/uploads/2024/12/9781804178836-450x600.jpg
Jenny Zemanek: The Bookshop (Foiled Journal),EGP695.00,https://diwanegypt.com/wp-content/uploads/2024/12/9781804178607-450x600.jpg
Jenny Zemanek: A Cabinet of Curiosities (Foiled Journal),EGP695.00,https://diwanegypt.com/wp-content/uploads/2024/12/9781804177600-450x600.jpg
The Treasures of the Pyramids: The World of the Pharaohs,"EGP1,500.00",https://diwanegypt.com/wp-content/uploads/2024/12/9781649034175-450x600.webp
Psychology Book: Big Ideas Simply Explained,"EGP1,505.00",https://diwanegypt.com/wp-content/uploads/2024/12/9780241638682-450x600.jpg
Strong Female Character,EGP830.00,https://diwanegypt.com/wp-content/uploads/2024/12/9781914240478-450x600.jpg
Nexus: A Brief History of Information Networks from the Ston,"EGP1,430.00",https://diwanegypt.com/wp-content/uploads/2024/12/9781911717096-450x600.jpg
Little Book of Mindfulness,EGP680.00,https://diwanegypt.com/wp-content/uploads/2024/12/9781856755405-450x600.jpg
Inner Peace,EGP680.00,https://diwanegypt.com/wp-content/uploads/2024/12/9781856755351-450x600.jpg
The Picture Of Dorian Gray,EGP305.00,https://diwanegypt.com/wp-content/uploads/2024/12/9781853260155-450x600.jpg
The Question Book,EGP830.00,https://diwanegypt.com/wp-content/uploads/2024/12/9781846685385-450x600.jpg
Sanditon & Other Works,EGP305.00,https://diwanegypt.com/wp-content/uploads/2024/12/9781840228731-450x600.jpg
Notes From Underground & Other Stories,EGP305.00,https://diwanegypt.com/wp-content/uploads/2024/12/9781840225778-450x600.jpg
The Life Impossible,"EGP1,205.00",https://diwanegypt.com/wp-content/uploads/2024/12/9781838855581-450x600.jpg
Warrior King,EGP755.00,https://diwanegypt.com/wp-content/uploads/2024/12/9781838779160-450x600.jpg
The Paris Daughter,EGP830.00,https://diwanegypt.com/wp-content/uploads/2024/12/9781802793895-450x600.jpg
The Collaboration Book,EGP830.00,https://diwanegypt.com/wp-content/uploads/2024/12/9781800818002-450x600.jpg
The Test Book,EGP830.00,https://diwanegypt.com/wp-content/uploads/2024/12/9781800816862-450x600.jpg
Vicious/Vengeful Slipcase,"EGP1,505.00",https://diwanegypt.com/wp-content/uploads/2024/12/9781789099744-450x600.jpg
The Shades Of Magic Trilogy,"EGP2,030.00",https://diwanegypt.com/wp-content/uploads/2024/12/9781789096446-450x600.jpg
Calm The F**K Down,EGP830.00,https://diwanegypt.com/wp-content/uploads/2024/12/9781787478800-450x600.jpg
Creation Lake,"EGP1,130.00",https://diwanegypt.com/wp-content/uploads/2024/12/9781787334380-450x600.jpg
Call Me By Your Name,EGP680.00,https://diwanegypt.com/wp-content/uploads/2024/12/9781786495259-450x600.jpg
Conjuring Of Light,EGP680.00,https://diwanegypt.com/wp-content/uploads/2024/12/9781785652448-450x600.jpg
Gathering Of Shadows,EGP680.00,https://diwanegypt.com/wp-content/uploads/2024/12/9781783295425-450x600.jpg
Darker Shade Of Magic,EGP755.00,https://diwanegypt.com/wp-content/uploads/2024/12/9781783295401-450x600.jpg
How to Overcome Trauma and Find Yourself Again,EGP830.00,https://diwanegypt.com/wp-content/uploads/2024/12/9781783255535-450x600.jpg
Five Minutes In The Evening,EGP945.00,https://diwanegypt.com/wp-content/uploads/2024/12/9781783253302-450x600.jpg
The Brain: The Story of You,EGP830.00,https://diwanegypt.com/wp-content/uploads/2024/12/9781782116615-450x600.jpg
The 8-Week Blood Sugar Diet Recipe Book,"EGP1,280.00",https://diwanegypt.com/wp-content/uploads/2024/12/9781780722931-450x600.jpg
The Prisoner Of Heaven,EGP755.00,https://diwanegypt.com/wp-content/uploads/2024/12/9781780222851-450x600.jpg
50 Biology Ideas,EGP755.00,https://diwanegypt.com/wp-content/uploads/2024/12/9781529438437-450x600.jpg
Swift and Saddled,EGP755.00,https://diwanegypt.com/wp-content/uploads/2024/12/9781529436679-450x600.jpg
Done and Dusted,EGP755.00,https://diwanegypt.com/wp-content/uploads/2024/12/9781529436648-450x600.jpg
The Wishing Game,EGP755.00,https://diwanegypt.com/wp-content/uploads/2024/12/9781529436280-450x600.jpg
50 Quantum Physics Ideas,EGP755.00,https://diwanegypt.com/wp-content/uploads/2024/12/9781529429305-450x600.jpg
The Girl in the Eagle’s Talons,EGP755.00,https://diwanegypt.com/wp-content/uploads/2024/12/9781529427066-450x600.jpg
50 Psychology Ideas,EGP755.00,https://diwanegypt.com/wp-content/uploads/2024/12/9781529425116-450x600.jpg
The Age Of AI,EGP830.00,https://diwanegypt.com/wp-content/uploads/2024/12/9781529375992-450x600.jpg
Rita Hayworth And Shawshank Redemption,EGP755.00,https://diwanegypt.com/wp-content/uploads/2024/12/9781529363494-450x600.jpg
American Psycho,EGP755.00,https://diwanegypt.com/wp-content/uploads/2024/12/9781529077155-450x600.jpg
A Court Of Thorns And Roses Box Set,"EGP3,755.00",https://diwanegypt.com/wp-content/uploads/2024/12/9781526657077-450x600.jpg
Remarkably Bright Creatures,EGP680.00,https://diwanegypt.com/wp-content/uploads/2024/12/9781526649676-450x600.jpg
The Earth Transformed: An Untold History,EGP980.00,https://diwanegypt.com/wp-content/uploads/2024/12/9781526622556-450x600.jpg
Anatomy Flashcards,"EGP2,195.00",https://diwanegypt.com/wp-content/uploads/2024/12/9781506289717-450x600.jpg
IELTS Premium,"EGP2,255.00",https://diwanegypt.com/wp-content/uploads/2024/12/9781506288291-450x600.jpg
The Reckoning,EGP755.00,https://diwanegypt.com/wp-content/uploads/2024/12/9781473684423-450x600.jpg
The Surrender Experiment,EGP980.00,https://diwanegypt.com/wp-content/uploads/2024/12/9781473621503-450x600.jpg
"Friends, Lovers And The Big Terrible Thing",EGP830.00,https://diwanegypt.com/wp-content/uploads/2024/12/9781472295972-450x600.jpg
Atalanta,EGP755.00,https://diwanegypt.com/wp-content/uploads/2024/12/9781472292179-450x600.jpg
For You And Only You,EGP755.00,https://diwanegypt.com/wp-content/uploads/2024/12/9781471191961-450x600.jpg
The Armour of Light,EGP755.00,https://diwanegypt.com/wp-content/uploads/2024/12/9781447278856-450x600.jpg
Red Rising,EGP830.00,https://diwanegypt.com/wp-content/uploads/2024/12/9781444758993-450x600.jpg
Salem’s Lot,EGP980.00,https://diwanegypt.com/wp-content/uploads/2024/12/9781444708141-450x600.jpg
Pet Sematary,EGP830.00,https://diwanegypt.com/wp-content/uploads/2021/10/9781444708134-450x600.jpg
The Miracle Morning,EGP980.00,https://diwanegypt.com/wp-content/uploads/2024/12/9781399816052-450x600.jpg
ADHD 2.0,"EGP1,130.00",https://diwanegypt.com/wp-content/uploads/2024/12/9781399813280-450x600.jpg
The 12-Week MBA,"EGP1,280.00",https://diwanegypt.com/wp-content/uploads/2024/12/9781399812917-450x600.jpg
Bridesmaid for Hire,EGP755.00,https://diwanegypt.com/wp-content/uploads/2024/12/9781399739153-450x600.jpg
Between Never And Forever,EGP755.00,https://diwanegypt.com/wp-content/uploads/2024/12/9781399736695-450x600.jpg
Between Love And Loathing,EGP755.00,https://diwanegypt.com/wp-content/uploads/2024/12/9781399736671-450x600.jpg
Between Commitment And Betrayal,EGP755.00,https://diwanegypt.com/wp-content/uploads/2024/12/9781399736596-450x600.jpg
Mr Fixer Upper,EGP755.00,https://diwanegypt.com/wp-content/uploads/2024/12/9781399735513-450x600.jpg
Play Along,EGP755.00,https://diwanegypt.com/wp-content/uploads/2024/12/9781399728614-450x600.jpg
The Exchange,EGP680.00,https://diwanegypt.com/wp-content/uploads/2024/12/9781399724869-450x600.jpg
How To End A Love Story,EGP755.00,https://diwanegypt.com/wp-content/uploads/2024/12/9781399716598-450x600.jpg
The Boys From Biloxi,EGP755.00,https://diwanegypt.com/wp-content/uploads/2024/12/9781399702775-450x600.jpg
The Heaven & Earth Grocery Store,EGP755.00,https://diwanegypt.com/wp-content/uploads/2024/12/9781399620420-450x600.jpg
Into The Dark,EGP755.00,https://diwanegypt.com/wp-content/uploads/2024/12/9781398717022-450x600.jpg
Great Undoing,EGP680.00,https://diwanegypt.com/wp-content/uploads/2024/12/9781398716995-450x600.jpg
The Long Way Home,EGP755.00,https://diwanegypt.com/wp-content/uploads/2024/12/9781398716964-450x600.jpg
Daisy Haites,EGP680.00,https://diwanegypt.com/wp-content/uploads/2024/12/9781398716933-450x600.jpg
What to Expect When You’re Expecting,"EGP1,280.00",https://diwanegypt.com/wp-content/uploads/2024/12/9781398537897-450x600.jpg
Elon Musk,"EGP1,430.00",https://diwanegypt.com/wp-content/uploads/2024/12/9781398536418-450x600.jpg
My Mother and I,"EGP1,880.00",https://diwanegypt.com/wp-content/uploads/2024/12/9781398515178-450x600.jpg
The Book Of Azrael,EGP830.00,https://diwanegypt.com/wp-content/uploads/2024/12/9781035414505-450x600.jpg
Range,EGP570.00,https://diwanegypt.com/wp-content/uploads/2024/12/9781035053049-450x600.jpg
Things No One Taught Us About Love,EGP830.00,https://diwanegypt.com/wp-content/uploads/2024/12/9781035044412-450x600.jpg
The Serpent And The Wings Of Night,EGP755.00,https://diwanegypt.com/wp-content/uploads/2024/12/9781035040957-450x600.jpg
The People In The Trees,EGP830.00,https://diwanegypt.com/wp-content/uploads/2024/12/9781035038527-450x600.jpg
Tuesdays With Morrie,EGP755.00,https://diwanegypt.com/wp-content/uploads/2024/12/9780751569575-450x600.jpg
The Green Mile,EGP830.00,https://diwanegypt.com/wp-content/uploads/2024/12/9780575084346-450x600.jpg
Never Let Me Go,EGP755.00,https://diwanegypt.com/wp-content/uploads/2024/12/9780571258093-450x600.jpg
Leather & Lark,EGP755.00,https://diwanegypt.com/wp-content/uploads/2024/12/9780349441580-450x600.jpg
Butcher & Blackbird,EGP755.00,https://diwanegypt.com/wp-content/uploads/2024/12/9780349441566-450x600.jpg
The Legacy,EGP755.00,https://diwanegypt.com/wp-content/uploads/2024/12/9780349440897-450x600.jpg
The Goal,EGP755.00,https://diwanegypt.com/wp-content/uploads/2024/12/9780349440873-450x600.jpg
The Dixon Rule,EGP755.00,https://diwanegypt.com/wp-content/uploads/2024/12/9780349439525-450x600.jpg
Romancing Mr Bridgerton,EGP755.00,https://diwanegypt.com/wp-content/uploads/2024/12/9780349438467-450x600.jpg
Filthy Rich Vampire,EGP755.00,https://diwanegypt.com/wp-content/uploads/2024/12/9780349130880-450x600.jpg
The Last Lecture,EGP830.00,https://diwanegypt.com/wp-content/uploads/2024/12/9780340978504-450x600.jpg
Good Material,EGP755.00,https://diwanegypt.com/wp-content/uploads/2024/12/9780241993163-450x600.jpg
Arabic-English Bilingual Visual Dictionary,EGP755.00,https://diwanegypt.com/wp-content/uploads/2024/12/9780241667835-450x600.jpg
Simply Jamie: Celebrate the Joy of Food,"EGP2,255.00",https://diwanegypt.com/wp-content/uploads/2024/12/9780241657805-450x600.jpg
The Safekeep,"EGP1,280.00",https://diwanegypt.com/wp-content/uploads/2024/12/9780241652305-450x600.jpg
We Solve Murders 1: We Solve Murders,"EGP1,205.00",https://diwanegypt.com/wp-content/uploads/2024/12/9780241608371-450x600.jpg
The Trial,EGP605.00,https://diwanegypt.com/wp-content/uploads/2024/12/9780241197790-450x600.jpg
A Streetcar Named Desire,EGP755.00,https://diwanegypt.com/wp-content/uploads/2024/12/9780141190273-450x600.jpg
Forbidden King,EGP755.00,https://diwanegypt.com/wp-content/uploads/2024/12/9780008719609-450x600.jpg
Wild River,EGP755.00,https://diwanegypt.com/wp-content/uploads/2024/12/9780008719579-450x600.jpg
Loving Romeo,EGP755.00,https://diwanegypt.com/wp-content/uploads/2024/12/9780008719548-450x600.jpg
When The Moon Hatched,"EGP1,505.00",https://diwanegypt.com/wp-content/uploads/2024/12/9780008710224-450x600.jpg
The Cinnamon Bun Book Store,EGP755.00,https://diwanegypt.com/wp-content/uploads/2024/12/9780008641580-450x600.jpg
The Pumpkin Spice Cafe,EGP755.00,https://diwanegypt.com/wp-content/uploads/2024/12/9780008610678-450x600.jpg
Butter,"EGP1,130.00",https://diwanegypt.com/wp-content/uploads/2024/12/9780008511685-450x600.jpg
The Double-Edged Sword,EGP800.00,https://diwanegypt.com/wp-content/uploads/2024/12/9798335466738-450x600.jpg
The Mysterious Fayum Portraits: Faces from Ancient Egypt,EGP950.00,https://diwanegypt.com/wp-content/uploads/2024/12/9781649034205-450x600.jpg
Honey Hunger,EGP400.00,https://diwanegypt.com/wp-content/uploads/2024/12/9781649033901-450x600.jpg
The Many Lives of Ibrahim Nagui: A Journey with my Grandfath,EGP850.00,https://diwanegypt.com/wp-content/uploads/2024/12/9781649033802-450x600.jpg
"Luxor Illustrated, Revised and Updated: With Aswan, Abu Simb",EGP550.00,https://diwanegypt.com/wp-content/uploads/2024/12/9781649033383-450x600.jpg
Recycling for Death: Coffin Reuse in Ancient Egypt and the T,"EGP2,250.00",https://diwanegypt.com/wp-content/uploads/2024/12/9781649031280-450x600.jpg
Dream Factory 1960s (From the Collection of Pierre Sioufi),EGP750.00,https://diwanegypt.com/wp-content/uploads/2024/11/9789775864215-450x600.jpg
Wall Talk: Graffiti of the Egypt,EGP750.00,https://diwanegypt.com/wp-content/uploads/2024/11/9789775864186-450x600.jpg
Atlas of Egyptian Art,"EGP2,750.00",https://diwanegypt.com/wp-content/uploads/2024/11/9789775864070-450x600.jpg
Philosophy Book: Big Ideas Simply Explained,"EGP1,505.00",https://diwanegypt.com/wp-content/uploads/2024/11/9780241638668-450x600.jpg
When:The Scientific Secrets of Perfect Timing,EGP830.00,https://diwanegypt.com/wp-content/uploads/2024/11/9781782119913-450x600.jpg
Othello (Folger Shakespeare Library),EGP460.00,https://diwanegypt.com/wp-content/uploads/2024/11/9780743477550-450x600.jpg
Versace Catwalk,"EGP4,505.00",https://diwanegypt.com/wp-content/uploads/2024/11/9780500023808-450x600.jpg
Iconography of Islamic Art,EGP800.00,https://diwanegypt.com/wp-content/uploads/2024/11/9789774249228-450x600.jpg
Four Agreements Cards,"EGP1,280.00",https://diwanegypt.com/wp-content/uploads/2024/11/9781561708772-450x600.jpg
Yves Saint Laurent Catwalk,"EGP4,505.00",https://diwanegypt.com/wp-content/uploads/2022/11/9780500022399-450x600.jpg
Witch Of Portobello,EGP590.00,https://diwanegypt.com/wp-content/uploads/2024/11/9780061472770-450x600.jpg
Manifest Your Destiny The Nine Spiritual Principles for Gett,"EGP1,175.00",https://diwanegypt.com/wp-content/uploads/2024/11/9780060928926-450x600.jpg
Zahir,EGP525.00,https://diwanegypt.com/wp-content/uploads/2024/11/9780060875350-450x600.jpg
"Whose Pharaohs?: Archaeology, Museums, and Egyptian National",EGP300.00,https://diwanegypt.com/wp-content/uploads/2024/11/9789774246975-450x600.jpg
Bedouins by the Lake: Environment Change and Sustainability,EGP350.00,https://diwanegypt.com/wp-content/uploads/2024/11/9789774161988-450x600.jpg
Arab Women Lives Retold,EGP300.00,https://diwanegypt.com/wp-content/uploads/2024/11/9789774161384-450x600.jpg
The New Wife,EGP755.00,https://diwanegypt.com/wp-content/uploads/2024/07/9781529430417-450x600.jpg
All In How Obsessive Leaders Achieve the Extraordinary,"EGP1,305.00",https://diwanegypt.com/wp-content/uploads/2024/11/9781400224630-450x600.jpg
VIVE L’AMOUR: The Golden Years of Egyptian Musicals,"EGP4,000.00",https://diwanegypt.com/wp-content/uploads/2024/11/9789775864338-450x600.jpg
Madness and Civilization,"EGP1,305.00",https://diwanegypt.com/wp-content/uploads/2024/11/9780679721109-450x600.jpg
"Modern Neighbors of Tutankhamun: History, Life, and Work in",EGP700.00,https://diwanegypt.com/wp-content/uploads/2024/11/9789774164033-450x600.jpg
Desert Plants of Egypt’s Wadi El Gemal National Park,EGP500.00,https://diwanegypt.com/wp-content/uploads/2024/11/9789774163500-450x600.jpg
"Motherhood and Early Childhood in Ancient Egypt:Culture, Rel","EGP1,200.00",https://diwanegypt.com/wp-content/uploads/2024/11/9781649030900-450x600.jpg
American Gods,EGP755.00,https://diwanegypt.com/wp-content/uploads/2024/11/9780755322817-450x600.jpg
Exhortation to the Monks by Hyperechios: Reflections on the,EGP900.00,https://diwanegypt.com/wp-content/uploads/2024/11/9781649033673-450x600.jpg
Allen Carr’s Easy Way to Stop Smoking: Revised Edition,EGP830.00,https://diwanegypt.com/wp-content/uploads/2022/01/9781405923316-450x600.jpg
I Thought It Was Just Me (but it isn’t) Making the Journey f,"EGP1,175.00",https://diwanegypt.com/wp-content/uploads/2024/11/9781592403356.jpg
Granada: The Complete Trilogy,EGP400.00,https://diwanegypt.com/wp-content/uploads/2024/11/9781649033765-450x600.jpg
The Curlew’s call,EGP350.00,https://diwanegypt.com/wp-content/uploads/2024/11/9789778664133-450x600.jpg
Past Lives in Ancient Lands & Other Worlds: Understand Your,"EGP2,530.00",https://diwanegypt.com/wp-content/uploads/2024/11/9786010052802-450x600.jpg
The Magick of You Oracle: Unlock your hidden truths (Rockpoo,"EGP1,065.00",https://diwanegypt.com/wp-content/uploads/2021/11/9781925682823-450x600.jpg
Enchanted Spell Oracle,EGP950.00,https://diwanegypt.com/wp-content/uploads/2024/11/9781925682120-450x600.jpg
"Crystal Reiki: A Handbook for Healing Mind, Body, and Soul",EGP975.00,https://diwanegypt.com/wp-content/uploads/2024/11/9781454930259-450x600.jpg
Wild Kuan Yin Oracle,EGP685.00,https://diwanegypt.com/wp-content/uploads/2024/11/9780738752952-450x600.jpg
Tarot Bible,EGP960.00,https://diwanegypt.com/wp-content/uploads/2024/11/9781841813653-450x600.jpg
Tattoo Tarot: Ink & Intuition,"EGP1,010.00",https://diwanegypt.com/wp-content/uploads/2024/11/9781786272058-450x600.jpg
Enchanted Map Oracle Cards: A 54-Card Deck and Guidebook,"EGP1,655.00",https://diwanegypt.com/wp-content/uploads/2024/11/9781401927493-450x600.jpg
Everyday Tarot Mini Tarot Deck,EGP880.00,https://diwanegypt.com/wp-content/uploads/2024/11/9780762492794-450x600.jpg
Human Design,EGP960.00,https://diwanegypt.com/wp-content/uploads/2024/11/9780007281244-450x600.jpg
Dragon Oracle Cards,"EGP1,205.00",https://diwanegypt.com/wp-content/uploads/2024/11/9781781809068-450x600.jpg
Self-Care Wisdom Cards: A 52-Card Deck,"EGP1,205.00",https://diwanegypt.com/wp-content/uploads/2022/06/9781401962388-450x600.jpg
Blue Angel Oracle: New Earth Edition,"EGP1,740.00",https://diwanegypt.com/wp-content/uploads/2024/11/9780738776477-450x600.jpg
Tarot Made Easy: Your Tarot Your Way,"EGP1,320.00",https://diwanegypt.com/wp-content/uploads/2022/07/9780738748207-450x600.jpg
Wild Unknown Animal Spirit Deck and Guidebook (Official Keep,"EGP2,100.00",https://diwanegypt.com/wp-content/uploads/2024/11/9780062742865-450x600.jpg
Muse Tarot : A 78-Card Deck and Guidebook,"EGP1,655.00",https://diwanegypt.com/wp-content/uploads/2024/11/9781401958329-450x600.jpg
Dream Reading Cards: Awaken your intuitive subconscious,"EGP1,430.00",https://diwanegypt.com/wp-content/uploads/2021/11/9781925924602-450x600.jpg
Divine Circus Oracle: Guidance for a Life of Sacred Subversi,"EGP1,695.00",https://diwanegypt.com/wp-content/uploads/2021/12/9781572818583-450x600.jpg
"The Enchanted Heart: Affirmations and Guidance for Hope, Hea","EGP1,695.00",https://diwanegypt.com/wp-content/uploads/2024/11/9780738773568-450x600.webp
Wisdom from the Epics of Hind,"EGP1,565.00",https://diwanegypt.com/wp-content/uploads/2022/06/9781646710850-450x600.jpg
The Law Of Attraction Cards,"EGP1,655.00",https://diwanegypt.com/wp-content/uploads/2022/06/9781401918729-450x600.jpg
"The Time Changer’s Tarot: Reading for Yourself, Your Communi","EGP2,280.00",https://diwanegypt.com/wp-content/uploads/2024/11/9780764366956-450x600.jpg
Find Your Light Inspiration Deck,"EGP1,500.00",https://diwanegypt.com/wp-content/uploads/2022/06/9781572819467-450x600.jpg
Mystic Sisters Oracle Deck,"EGP1,500.00",https://diwanegypt.com/wp-content/uploads/2022/06/9781572817883-450x600.jpg
Money and the Law of Attraction Cards: Learning to Attract W,"EGP1,430.00",https://diwanegypt.com/wp-content/uploads/2022/06/9781401923396-450x600.jpg
The Language of Letting Go Cards,"EGP1,355.00",https://diwanegypt.com/wp-content/uploads/2022/06/9781401903473-450x600.jpg
The Teachings of Abraham Well-Being Cards,"EGP1,430.00",https://diwanegypt.com/wp-content/uploads/2022/06/9781401902667-450x600.jpg
Albano-Waite Tarot Deck,"EGP1,320.00",https://diwanegypt.com/wp-content/uploads/2022/06/9780880794664-450x600.jpg
Steampunk Faerie Tarot (78-Card Deck & Guidebook),"EGP1,890.00",https://diwanegypt.com/wp-content/uploads/2024/11/9780738771496-450x600.jpg
Gilded Tarot Royale,"EGP2,085.00",https://diwanegypt.com/wp-content/uploads/2021/12/9780738765181-450x600.jpg
Wildwood (Tree of Life) Maxi 12-month Horizontal Softcover F,"EGP1,335.00",https://diwanegypt.com/wp-content/uploads/2024/11/9781408758489-450x600.jpg
Skybird (Birds of Happiness) Midi 12-month Horizontal Softco,"EGP1,205.00",https://diwanegypt.com/wp-content/uploads/2024/11/9781408758458-450x600.jpg
Morris Windrush (William Morris) Midi 12-month Horizontal So,"EGP1,205.00",https://diwanegypt.com/wp-content/uploads/2024/11/9781408758434-450x600.jpg
Diamond Jubilee (Sangorski & Sutcliffe) Midi 12-month Horizo,"EGP1,205.00",https://diwanegypt.com/wp-content/uploads/2024/11/9781408758410-450x600.jpg
Pacific Blue Bold (Old Leather Collection) Maxi 12-month Hor,"EGP1,335.00",https://diwanegypt.com/wp-content/uploads/2024/11/9781408758014-450x600.jpg
Blue Luxe (Luxe Design) Maxi 12-month Horizontal Hardback Da,"EGP1,335.00",https://diwanegypt.com/wp-content/uploads/2024/11/9781408757994-450x600.jpg
Vault of the Milan Cathedral (Duomo di Milano) Midi 12-month,"EGP1,355.00",https://diwanegypt.com/wp-content/uploads/2024/11/9781408757987-450x600.jpg
"Michelangelo, Handwriting (Embellished Manuscripts Collectio","EGP1,205.00",https://diwanegypt.com/wp-content/uploads/2024/11/9781408757949-450x600.jpg
Inkblot (Old Leather Collection) Midi 12-month Verso Hardbac,"EGP1,205.00",https://diwanegypt.com/wp-content/uploads/2024/11/9781408757925-450x600.jpg
Anemone (William Kilburn) Midi 12-month Verso Hardback Daypl,"EGP1,205.00",https://diwanegypt.com/wp-content/uploads/2024/11/9781408757895-450x600.jpg
Vault of the Milan Cathedral (Duomo di Milano) Midi 12-month,"EGP1,355.00",https://diwanegypt.com/wp-content/uploads/2024/11/9781408757789-450x600.jpg
Safavid Indigo (Safavid Binding Art) Midi 12-month Horizonta,"EGP1,205.00",https://diwanegypt.com/wp-content/uploads/2024/11/9781408757765-450x600.jpg
"Michelangelo, Handwriting (Embellished Manuscripts Collectio","EGP1,205.00",https://diwanegypt.com/wp-content/uploads/2024/11/9781408757741-450x600.jpg
Inkblot (Old Leather Collection) Midi 12-month Horizontal Ha,"EGP1,205.00",https://diwanegypt.com/wp-content/uploads/2024/11/9781408757727-450x600.jpg
Anemone (William Kilburn) Midi 12-month Horizontal Hardback,"EGP1,355.00",https://diwanegypt.com/wp-content/uploads/2024/11/9781408757697-450x600.jpg
Porto (Portuguese Tiles) Slim 12-month Horizontal Hardback D,"EGP1,140.00",https://diwanegypt.com/wp-content/uploads/2024/11/9781408757635-450x600.jpg
Vault of the Milan Cathedral (Duomo di Milano) Mini 12-month,"EGP1,010.00",https://diwanegypt.com/wp-content/uploads/2024/11/9781408757604-450x600.jpg
First Folio (Shakespeare’s Library) Mini 12-month Verso Hard,"EGP1,130.00",https://diwanegypt.com/wp-content/uploads/2024/11/9781408757543-450x600.jpg
Blue Luxe (Luxe Design) Mini 12-month Verso Hardback Dayplan,"EGP1,010.00",https://diwanegypt.com/wp-content/uploads/2024/11/9781408757536-450x600.jpg
Vault of the Milan Cathedral (Duomo di Milano) Mini 12-month,"EGP1,010.00",https://diwanegypt.com/wp-content/uploads/2024/11/9781408757505-450x600.jpg
Safavid Indigo (Safavid Binding Art) Mini 12-month Horizonta,"EGP1,010.00",https://diwanegypt.com/wp-content/uploads/2024/11/9781408757482-450x600.jpg
Rubedo (Cockerell Marbled Paper) Mini 12-month Horizontal Ha,"EGP1,010.00",https://diwanegypt.com/wp-content/uploads/2024/11/9781408757475-450x600.jpg
Restoration (The Queen’s Binding) Mini 12-month Horizontal H,"EGP1,010.00",https://diwanegypt.com/wp-content/uploads/2024/11/9781408757468-450x600.jpg
First Folio (Shakespeare’s Library) Mini 12-month Horizontal,"EGP1,130.00",https://diwanegypt.com/wp-content/uploads/2024/11/9781408757444-450x600.jpg
Wild Thistle (Vox Botanica) Mini 12-month Day-at-a-time Hard,"EGP1,205.00",https://diwanegypt.com/wp-content/uploads/2024/11/9781408757406-450x600.jpg
Vintage Tattoo Tarot,"EGP1,630.00",https://diwanegypt.com/wp-content/uploads/2024/11/9798890030504-450x600.jpg
Shamanic Star Wisdom Oracle (44-Card Deck & Guidebook),"EGP1,305.00",https://diwanegypt.com/wp-content/uploads/2024/11/9798888501214-450x600.jpg
Funko: The Nightmare Before Christmas Tarot Deck (78-Card De,"EGP1,825.00",https://diwanegypt.com/wp-content/uploads/2024/11/9798886634013-450x600.jpg
Funko: Disney Villains Tarot Deck (78-Card Deck & Guidebook),"EGP1,825.00",https://diwanegypt.com/wp-content/uploads/2024/11/9798886633955-450x600.jpg
House of the Dragon Tarot Deck (78-Card Deck & Guidebook),"EGP1,825.00",https://diwanegypt.com/wp-content/uploads/2024/11/9798886633900-450x600.jpg
All the Colors of the Dark,"EGP1,305.00",https://diwanegypt.com/wp-content/uploads/2024/11/9798217033737-450x600.jpg
Today I Noticed: A Little Book of Mindfulness That Will Chan,EGP980.00,https://diwanegypt.com/wp-content/uploads/2024/11/9781958803356-450x600.jpg
Queen of the Sun Oracle: Guidance through solar and seasonal,"EGP1,630.00",https://diwanegypt.com/wp-content/uploads/2024/11/9781922785022-450x600.jpg
Messages from Heaven Communication Cards: Love & Guidance fr,"EGP1,305.00",https://diwanegypt.com/wp-content/uploads/2024/11/9781844096381-450x600.jpg
The Astrology Tarot (78-Card Deck & Guidebook),"EGP1,500.00",https://diwanegypt.com/wp-content/uploads/2024/11/9781800653450-450x600.jpg
Fallen Angel Oracle Cards: Discover the Art and Wisdom of Pr,"EGP1,305.00",https://diwanegypt.com/wp-content/uploads/2022/07/9781782498582-450x600.jpg
The Boyfriend,"EGP1,175.00",https://diwanegypt.com/wp-content/uploads/2024/11/9781728296227-450x600.jpg
The Inmate,"EGP1,175.00",https://diwanegypt.com/wp-content/uploads/2024/11/9781728296173-450x600.jpg
Never Lie,"EGP1,175.00",https://diwanegypt.com/wp-content/uploads/2024/11/9781728296166-450x600.jpg
If Only I Had Told Her,EGP850.00,https://diwanegypt.com/wp-content/uploads/2024/11/9781728276229-450x600.jpg
Tarot del Toro: Inspired by the World of Guillermo del Toro,"EGP1,955.00",https://diwanegypt.com/wp-content/uploads/2022/03/9781683839798-450x600.jpg
Classics Collection: Federer (Classic),"EGP7,200.00",https://diwanegypt.com/wp-content/uploads/2024/11/9781649802385-450x600.jpg
Classics Collection: Jaipur Splendor,"EGP6,830.00",https://diwanegypt.com/wp-content/uploads/2024/11/9781649800688-450x600.jpg
Classics Collection: Greek Islands,"EGP6,300.00",https://diwanegypt.com/wp-content/uploads/2024/11/9781649800398-450x600.jpg
Prediction Machines: The Simple Economics of Artificial Intelligence,"EGP1,955.00",https://diwanegypt.com/wp-content/uploads/2024/11/9781647824679-450x600.jpg
Higher Ground: How Business Can Do the Right Thing in a Turb,"EGP2,085.00",https://diwanegypt.com/wp-content/uploads/2024/11/9781647823436-450x600.jpg
The Parisian Sibyl (52-Card Deck & Guidebook),"EGP2,100.00",https://diwanegypt.com/wp-content/uploads/2024/11/9781646712335-450x600.jpg
Herbana Witch Oracle (50-Card Deck & Guidebook),"EGP1,565.00",https://diwanegypt.com/wp-content/uploads/2024/11/9781646712113-450x600.jpg
Lenormand de Paris (38-Card Deck & Guidebook),"EGP2,280.00",https://diwanegypt.com/wp-content/uploads/2024/11/9781646712083-450x600.jpg
Land of Giants Oracle Deck (42-Card Deck & Guidebook),"EGP1,500.00",https://diwanegypt.com/wp-content/uploads/2024/11/9781646712052-450x600.jpg
Pathwork Oracle (40-Card Deck & Guidebook),"EGP1,175.00",https://diwanegypt.com/wp-content/uploads/2024/11/9781646712007-450x600.jpg
Caticorn Tarot (78-Card Deck & Guidebook),"EGP1,630.00",https://diwanegypt.com/wp-content/uploads/2024/11/9781646711970-450x600.jpg
Tarot of H’Arts (78-Card Deck & Guidebook),"EGP2,280.00",https://diwanegypt.com/wp-content/uploads/2024/11/9781646711956-450x600.jpg
Curious Travels Tarot Deck (79-Card Deck & Guidebook),"EGP1,740.00",https://diwanegypt.com/wp-content/uploads/2024/11/9781646711949-450x600.jpg
Black Seed Tarot (78-Card Deck & Guidebook),"EGP1,500.00",https://diwanegypt.com/wp-content/uploads/2024/11/9781646711871-450x600.jpg
Star Maiden Tarot (78-Card Deck & Guidebook),"EGP1,955.00",https://diwanegypt.com/wp-content/uploads/2024/11/9781646711758-450x600.jpg
Totem Guardians Oracle Deck (42-Card Deck & Guidebook),"EGP1,175.00",https://diwanegypt.com/wp-content/uploads/2024/11/9781646711734-450x600.jpg
Wisdom of the Wild Things Oracle (45-Card Deck & Guidebook),"EGP1,760.00",https://diwanegypt.com/wp-content/uploads/2024/11/9781646711628-450x600.jpg
The Secret Oracle of the Green Witch (50-Card Deck & Guidebo,"EGP1,565.00",https://diwanegypt.com/wp-content/uploads/2024/11/9781646711482-450x600.jpg
Heavenly Angel Oracle Deck (50-Card Deck & Guidebook),"EGP1,565.00",https://diwanegypt.com/wp-content/uploads/2024/11/9781646711468-450x600.jpg
Practical Magic: An Oracle for Everyday Enchantment (36-Card,"EGP2,475.00",https://diwanegypt.com/wp-content/uploads/2024/11/9781646711413-450x600.jpg
Astro-Cards Oracle Deck (43-Card Deck & Guidebook),"EGP1,980.00",https://diwanegypt.com/wp-content/uploads/2024/11/9781646711376-450x600.jpg
Oracle of Destiny (50-Card Deck & Guidebook),"EGP1,565.00",https://diwanegypt.com/wp-content/uploads/2024/11/9781646711345-450x600.jpg
Woven Spirit Oracle (52-Card Deck & Guidebook),"EGP1,500.00",https://diwanegypt.com/wp-content/uploads/2024/11/9781646711321-450x600.jpg
The One World Tarot (78-Card Deck & Guidebook),"EGP2,085.00",https://diwanegypt.com/wp-content/uploads/2024/11/9781646711307-450x600.jpg
Talisman Oracle (44-Card Deck & Guidebook),"EGP1,565.00",https://diwanegypt.com/wp-content/uploads/2024/11/9781646711284-450x600.jpg
Heavenly Bloom Tarot Deck (78-Card Deck & Guidebook),"EGP1,760.00",https://diwanegypt.com/wp-content/uploads/2024/11/9781646710751.jpg
Pegasus Oracle: Affirmations and Guidance to Uplift Your Spi,"EGP1,695.00",https://diwanegypt.com/wp-content/uploads/2024/11/9781646710270-450x600.jpg
Does It Hurt?,"EGP1,240.00",https://diwanegypt.com/wp-content/uploads/2024/11/9781638932499-450x600.jpg
Human + Machine: Reimagining Work in the Age of AI,"EGP2,085.00",https://diwanegypt.com/wp-content/uploads/2024/11/9781633693869-450x600.jpg
HBR Guide to Delivering Effective Feedback (HBR Guide Series,"EGP1,435.00",https://diwanegypt.com/wp-content/uploads/2024/11/9781633691643-450x600.jpg
The Prophet: A Graphic Novel,"EGP2,280.00",https://diwanegypt.com/wp-content/uploads/2025/02/9781623716455-450x600.jpg
Classics Collection: Marrakech Flair,"EGP6,830.00",https://diwanegypt.com/wp-content/uploads/2024/11/9781614289616-450x600.jpg
Classics Collection: Amalfi Coast,"EGP6,830.00",https://diwanegypt.com/wp-content/uploads/2024/11/9781614289197-450x600.jpg
How to Be an Adult in Love: Letting Love in Safely and Showi,"EGP1,240.00",https://diwanegypt.com/wp-content/uploads/2024/11/9781611800814-450x600.jpg
Linchpin: Are You Indispensable?,"EGP1,175.00",https://diwanegypt.com/wp-content/uploads/2024/11/9781591844099-450x600.jpg
Oracle of the Celestial Deities (20-Card Deck & Guidebook),"EGP1,305.00",https://diwanegypt.com/wp-content/uploads/2024/11/9781582709253-450x600.jpg
Angel Quest Oracle (44-Card Deck & Guidebook),"EGP1,305.00",https://diwanegypt.com/wp-content/uploads/2024/11/9781582708317-450x600.jpg
Sacred Geometry of Relationships Oracle (44-Card Deck & Guid,"EGP1,305.00",https://diwanegypt.com/wp-content/uploads/2024/11/9781582707020-450x600.jpg
The Secret Language of Color Cards (84-Card Deck & Guidebook,"EGP1,320.00",https://diwanegypt.com/wp-content/uploads/2024/11/9781582703268-450x600.jpg
"Buddha Wisdom, Shakti Power (50-Card Deck & Guidebook)","EGP1,500.00",https://diwanegypt.com/wp-content/uploads/2022/06/9781572819474-450x600.jpg
Dream Oracle Cards: For the Awakening Dreamer (53-Card Deck,"EGP1,500.00",https://diwanegypt.com/wp-content/uploads/2024/11/9781572819344-450x600.jpg
Influence Of The Angels Tarot (80-Card Deck & Guidebook),"EGP1,760.00",https://diwanegypt.com/wp-content/uploads/2022/06/9781572818545-450x600.jpg
Maybe Lenormand: Fortune Telling Deck (52-Card Deck & Guideb,"EGP1,130.00",https://diwanegypt.com/wp-content/uploads/2024/11/9781572818330-450x600.jpg
Bianco Nero Tarot (80-Card Deck & Guidebook),"EGP1,435.00",https://diwanegypt.com/wp-content/uploads/2022/06/9781572818309-450x600.jpg
Chrysalis Tarot (78-Card Deck & Guidebook),"EGP1,435.00",https://diwanegypt.com/wp-content/uploads/2022/06/9781572816893-450x600.jpg
Cat’s Eye Tarot (78-Card Deck & Guidebook),"EGP1,435.00",https://diwanegypt.com/wp-content/uploads/2024/11/9781572816855.jpg
The Rider Tarot Deck (Premier Ed.)(78-Card Deck & Guidebook),"EGP1,760.00",https://diwanegypt.com/wp-content/uploads/2024/11/9781572815049-450x600.jpg
Shaman Wisdom Cards (65-Card Deck & Guidebook),"EGP1,435.00",https://diwanegypt.com/wp-content/uploads/2024/11/9781572811232-450x600.jpg
Finding Meaning: The Sixth Stage of Grief,"EGP1,240.00",https://diwanegypt.com/wp-content/uploads/2024/11/9781501192746-450x600.jpg
Pure Colour,"EGP1,020.00",https://diwanegypt.com/wp-content/uploads/2024/11/9781250863041-450x600.jpg
Betting on You: How to Put Yourself First and (Finally) Take,"EGP1,175.00",https://diwanegypt.com/wp-content/uploads/2024/11/9781250838377-450x600.jpg
Hello Sleep: The Science and Art of Overcoming Insomnia With,"EGP1,305.00",https://diwanegypt.com/wp-content/uploads/2024/11/9781250347428-450x600.jpg
Tarot of the Witches Deck (78-Card Deck & Guidebook),"EGP1,435.00",https://diwanegypt.com/wp-content/uploads/2024/11/9780913866535-450x600.jpg
Cosmic Tarot (78-Card Deck & Guidebook),"EGP1,760.00",https://diwanegypt.com/wp-content/uploads/2022/06/9780880793957-450x600.jpg
A 1000 X Better: A Rebel by Design * Interiors by Kirsten Bl,"EGP3,580.00",https://diwanegypt.com/wp-content/uploads/2024/11/9780847899609-450x600.jpg
The Perfect Room: Timeless Designs for Intentional Living,"EGP3,580.00",https://diwanegypt.com/wp-content/uploads/2024/11/9780847837533-450x600.jpg
At Home in France: Inspiration and Style in Town and Country,"EGP4,230.00",https://diwanegypt.com/wp-content/uploads/2024/11/9780847829262-450x600.jpg
The Legend of Sleepy Hollow Tarot (78-Card Deck & Guidebook),"EGP1,955.00",https://diwanegypt.com/wp-content/uploads/2024/11/9780764368639-450x600.jpg
The Flowerwise Oracle: Empowerment through the Ancient Wisdo,"EGP1,955.00",https://diwanegypt.com/wp-content/uploads/2024/11/9780764367694-450x600.jpg
Angels of Healing and Hope Oracle (44-Card Deck & Guidebook),"EGP1,630.00",https://diwanegypt.com/wp-content/uploads/2024/11/9780764364563-450x600.jpg
Celestial Frequencies: Oracle Cards and Healing Activators,"EGP2,100.00",https://diwanegypt.com/wp-content/uploads/2024/11/9780764363726-450x600.jpg
"A Christmas Tarot: Ghosts of Past, Present, and Future (22-C","EGP1,630.00",https://diwanegypt.com/wp-content/uploads/2024/11/9780764355684-450x600.jpg
Beautiful Creatures Tarot (2nd Ed.)(80-Card Deck & Guidebook,"EGP2,280.00",https://diwanegypt.com/wp-content/uploads/2022/07/9780764353314-450x600.jpg
Lowbrow Tarot: Major Arcana Cards (22-Card Deck & Guidebook),"EGP1,305.00",https://diwanegypt.com/wp-content/uploads/2024/11/9780764342356-450x600.jpg
The Halloween Forever Oracle (42-Card Deck & Guidebook),"EGP1,890.00",https://diwanegypt.com/wp-content/uploads/2024/11/9780738780252-450x600.jpg
Nova Witch Tarot: A Deck for Curious Souls in Search of Magi,"EGP2,085.00",https://diwanegypt.com/wp-content/uploads/2024/11/9780738780245-450x600.jpg
Water Temple Oracle (44-Card Deck & Guidebook),"EGP1,825.00",https://diwanegypt.com/wp-content/uploads/2024/11/9780738774152-450x600.jpg
World Dragon Oracle (28-Card Deck & Guidebook),"EGP1,630.00",https://diwanegypt.com/wp-content/uploads/2024/11/9780738773261-450x600.jpg
Lustrous Lenormand (47-Card Deck & Guidebook),"EGP1,825.00",https://diwanegypt.com/wp-content/uploads/2024/11/9780738773209-450x600.jpg
Good Fortune Tarot (78-Card Deck & Guidebook),"EGP2,150.00",https://diwanegypt.com/wp-content/uploads/2024/11/9780738772639-450x600.jpg
Crystal Mandala Activation Cards: Alchemical Affirmations fo,"EGP1,175.00",https://diwanegypt.com/wp-content/uploads/2024/11/9780738771465-450x600.jpg
Mystic Faerie Tarot Deck,"EGP1,630.00",https://diwanegypt.com/wp-content/uploads/2022/07/9780738744346-450x600.jpg
Isis Oracle,"EGP1,695.00",https://diwanegypt.com/wp-content/uploads/2021/10/9780738742861-450x600.jpg
The House on Mango Street,EGP850.00,https://diwanegypt.com/wp-content/uploads/2024/11/9780679734772-450x600.jpg
Heir Duology 1: Heir,EGP850.00,https://diwanegypt.com/wp-content/uploads/2024/11/9780593859858-450x600.jpg
The Empusium: A Health Resort Horror Story,"EGP1,080.00",https://diwanegypt.com/wp-content/uploads/2024/11/9780593854082-450x600.jpg
On Freedom,"EGP1,370.00",https://diwanegypt.com/wp-content/uploads/2024/11/9780593799048-450x600.jpg
Into the Uncut Grass,"EGP1,435.00",https://diwanegypt.com/wp-content/uploads/2024/11/9780593729960-450x600.jpg
All Fours,"EGP1,240.00",https://diwanegypt.com/wp-content/uploads/2024/11/9780593719695-450x600.jpg
Sonny Boy,"EGP2,085.00",https://diwanegypt.com/wp-content/uploads/2024/11/9780593655115-450x600.jpg
Every Little Thing You Do Is Magic Tarot (78-Card Deck & Gui,"EGP1,440.00",https://diwanegypt.com/wp-content/uploads/2024/11/9780593580295.jpg
Magic: The Gathering Oracle Deck (52-Card Deck & Guidebook),"EGP1,630.00",https://diwanegypt.com/wp-content/uploads/2024/11/9780593577738-450x600.jpg
Amgash 5: Tell Me Everything,"EGP1,370.00",https://diwanegypt.com/wp-content/uploads/2024/11/9780593446096-450x600.jpg
I Hate You–Don’t Leave Me: Understanding the Borderline Pers,"EGP1,240.00",https://diwanegypt.com/wp-content/uploads/2024/11/9780593418499-450x600.jpg
The Message,"EGP1,275.00",https://diwanegypt.com/wp-content/uploads/2024/11/9780593230381-450x600.jpg
How To Raise A Boy: The Power of Connection to Build Good Me,"EGP1,240.00",https://diwanegypt.com/wp-content/uploads/2024/11/9780593189085-450x600.jpg
The Earth Transformed: An Untold History,"EGP1,620.00",https://diwanegypt.com/wp-content/uploads/2024/11/9780593082133-450x600.jpg
Take the Stairs: 7 Steps to Achieving True Success,"EGP1,240.00",https://diwanegypt.com/wp-content/uploads/2024/11/9780399537769-450x600.jpg
Bridgerton 4: Romancing Mister Bridgerton,EGP720.00,https://diwanegypt.com/wp-content/uploads/2024/11/9780062353689-450x600.jpg
The Jolanda Witch Tarot: The Healing Art of Magic (78-Card D,"EGP2,605.00",https://diwanegypt.com/wp-content/uploads/2024/10/9798888500668-450x600.jpg
Feminine Wisdom Oracle: Awaken your intuitive energy,"EGP1,620.00",https://diwanegypt.com/wp-content/uploads/2024/10/9781922786463-450x600.jpg
Lumina Tarot: Let your intuition guide you,"EGP1,680.00",https://diwanegypt.com/wp-content/uploads/2024/10/9781922786289-450x600.jpg
Mythologia Fennica Tarot: Embrace ancient Finnish wisdom (78,"EGP1,955.00",https://diwanegypt.com/wp-content/uploads/2024/10/9781922786265-450x600.jpg
Earth Song Oracle: Guidance and wisdom from Mother Nature (3,"EGP1,430.00",https://diwanegypt.com/wp-content/uploads/2024/10/9781922786159-450x600.jpg
"Galactic Guides Oracle: Be guided by the love, light and mag","EGP1,430.00",https://diwanegypt.com/wp-content/uploads/2024/10/9781922785411-450x600.jpg
Ordinary Notes,"EGP1,130.00",https://diwanegypt.com/wp-content/uploads/2024/10/9781914198144-450x600.jpg
The Art Book,"EGP2,100.00",https://diwanegypt.com/wp-content/uploads/2024/10/9781838661342-450x600.jpg
The Official Fast Like a Girl Journal: A 60-Day Guided Journ,EGP980.00,https://diwanegypt.com/wp-content/uploads/2024/10/9781837822508-450x600.jpg
The Path to Spiritual Advancement: How to Transcend the Ego,"EGP1,205.00",https://diwanegypt.com/wp-content/uploads/2024/10/9781837822089-450x600.jpg
Consciousness Is All There Is: How Understanding and Experie,"EGP1,505.00",https://diwanegypt.com/wp-content/uploads/2024/10/9781837821723-450x600.jpg
"The Alkaline Life: New Science to Rebalance Your Body, Rever","EGP1,205.00",https://diwanegypt.com/wp-content/uploads/2024/10/9781837821013-450x600.jpg
What You Are Looking for is in the Library,EGP755.00,https://diwanegypt.com/wp-content/uploads/2024/10/9781804994139-450x600.jpg
None of This is True,EGP755.00,https://diwanegypt.com/wp-content/uploads/2024/10/9781804940204-450x600.jpg
The Covenant of Water,EGP830.00,https://diwanegypt.com/wp-content/uploads/2024/10/9781804710456-450x600.jpg
"The Many Lives of Mama Love: A Memoir of Lying, Stealing, Wr",EGP830.00,https://diwanegypt.com/wp-content/uploads/2024/10/9781804190517-450x600.jpg
William Kilburn Set of 3 Mini Notebooks,EGP455.00,https://diwanegypt.com/wp-content/uploads/2024/10/9781804178829-450x600.jpg
Tree of Life Artisan Art Notebook (Flame Tree Journals),EGP750.00,https://diwanegypt.com/wp-content/uploads/2024/10/9781804178782-450x600.jpg
Fierce Dragon by Kerem Beyit Artisan Art Notebook (Flame Tre,EGP750.00,https://diwanegypt.com/wp-content/uploads/2024/10/9781804178751-450x600.jpg
Gustav Klimt: The Kiss Artisan Art Notebook (Flame Tree Jour,EGP750.00,https://diwanegypt.com/wp-content/uploads/2024/10/9781804176375-450x600.jpg
Art & Fear: Observations on the Perils (and Rewards) of Artm,EGP685.00,https://diwanegypt.com/wp-content/uploads/2024/10/9781800815988-450x600.jpg
The Ancient Stones Oracle (44-Card Deck and Guidebook),"EGP1,505.00",https://diwanegypt.com/wp-content/uploads/2024/10/9781788179331-450x600.jpg
Intuitive Whispers Oracle (44-Card Deck and Guidebook),"EGP1,205.00",https://diwanegypt.com/wp-content/uploads/2024/10/9781788179225-450x600.jpg
The Healing Spirits Oracle (48-Card Deck and Guidebook),"EGP1,355.00",https://diwanegypt.com/wp-content/uploads/2024/10/9781788178709-450x600.jpg
Angelic Activations Oracle (44-Card Deck and Guidebook),"EGP1,355.00",https://diwanegypt.com/wp-content/uploads/2024/10/9781788174022-450x600.jpg
"The Stoic Virtues: Right Thing, Right Now","EGP1,205.00",https://diwanegypt.com/wp-content/uploads/2024/10/9781788166317-450x600.jpg
Bodleian Libraries Set of 3 Mini Notebooks,EGP455.00,https://diwanegypt.com/wp-content/uploads/2024/10/9781787559110-450x600.jpg
"Hormonal: How Hormones Drive Desire, Shape Relationships, an",EGP755.00,https://diwanegypt.com/wp-content/uploads/2024/10/9781786075109-450x600.jpg
Playing For Keeps 4: Fall with Me,EGP755.00,https://diwanegypt.com/wp-content/uploads/2024/10/9781761425882-450x600.jpg
Orbital,EGP755.00,https://diwanegypt.com/wp-content/uploads/2024/10/9781529922936-450x600.jpg
My Lady Jane 1: My Lady Jane (Tie-in),EGP680.00,https://diwanegypt.com/wp-content/uploads/2024/10/9781529527186-450x600.jpg
Alexandria: The City that Changed the World,"EGP1,130.00",https://diwanegypt.com/wp-content/uploads/2024/10/9781529377620-450x600.jpg
Blood and Tea 1: A Tempest of Tea,EGP680.00,https://diwanegypt.com/wp-content/uploads/2024/10/9781529098938-450x600.jpg
Welcome to the Hyunam-dong Bookshop,EGP755.00,https://diwanegypt.com/wp-content/uploads/2024/10/9781526662286-450x600.jpg
Held,EGP750.00,https://diwanegypt.com/wp-content/uploads/2024/10/9781526659125-450x600.jpg
The Art of Buying Art: How to evaluate and buy art like a pr,"EGP1,280.00",https://diwanegypt.com/wp-content/uploads/2024/10/9781472140357-450x600.jpg
Creative Abstract Watercolor: The beginner’s guide to expres,"EGP1,140.00",https://diwanegypt.com/wp-content/uploads/2024/10/9781446310564-450x600.jpg
Loteria Remedios Oracle: Soulful Remedies & Affirmations fro,"EGP1,430.00",https://diwanegypt.com/wp-content/uploads/2024/10/9781401974725-450x600.jpg
The Storyteller’s Tarot (78-Card Deck & Guidebook),"EGP1,655.00",https://diwanegypt.com/wp-content/uploads/2024/10/9781401972448-450x600.jpg
Past-Life Energy Oracle (44-Card Deck and Guidebook),"EGP1,355.00",https://diwanegypt.com/wp-content/uploads/2024/10/9781401964306-450x600.jpg
Mystical Shaman Oracle Cards (A deck & guidebook),"EGP3,005.00",https://diwanegypt.com/wp-content/uploads/2024/10/9781401952501-450x600.jpg
"Sara, Book 3: A Talking Owl Is Worth a Thousand Words!",EGP980.00,https://diwanegypt.com/wp-content/uploads/2024/10/9781401911607-450x600.jpg
"Sara, Book 1: Sara Learns The Secret About The Law Of Attrac",EGP905.00,https://diwanegypt.com/wp-content/uploads/2024/10/9781401911584-450x600.jpg
Stone Yard Devotional,"EGP1,205.00",https://diwanegypt.com/wp-content/uploads/2024/10/9781399724357-450x600.jpg
Tattoo Tarot: Ink & Intuition (Mini Deck),EGP630.00,https://diwanegypt.com/wp-content/uploads/2024/10/9781399623544-450x600.jpg
Nothing Like the Movies,EGP680.00,https://diwanegypt.com/wp-content/uploads/2024/10/9781398536425-450x600.jpg
Maple Hills 3: Daydream,EGP755.00,https://diwanegypt.com/wp-content/uploads/2024/10/9781398525740-450x600.jpg
Eddie Flynn 8: Witness 8,"EGP1,130.00",https://diwanegypt.com/wp-content/uploads/2024/10/9781035408214-450x600.jpg
James,"EGP1,130.00",https://diwanegypt.com/wp-content/uploads/2024/10/9781035031245-450x600.jpg
Inside Paris,"EGP4,880.00",https://diwanegypt.com/wp-content/uploads/2024/10/9780865654402-450x600.jpg
London Living,"EGP4,880.00",https://diwanegypt.com/wp-content/uploads/2024/10/9780865654303-450x600.jpg
Inside Milan,"EGP4,880.00",https://diwanegypt.com/wp-content/uploads/2024/10/9780865654099-450x600.jpg
Diary of a Country Prosecutor (Saqi Bookshelf),EGP755.00,https://diwanegypt.com/wp-content/uploads/2024/10/9780863569814-450x600.jpg
Egyptian Earth (Saqi Bookshelf),EGP755.00,https://diwanegypt.com/wp-content/uploads/2024/10/9780863569685-450x600.jpg
What Does it Feel Like?,EGP980.00,https://diwanegypt.com/wp-content/uploads/2024/10/9780857506924-450x600.jpg
"Walking through Fire: The Later Years of Nawal El Saadawi, I","EGP1,130.00",https://diwanegypt.com/wp-content/uploads/2024/10/9780755651641-450x600.jpg
"God Dies by the Nile and Other Novels: God Dies by the Nile,","EGP1,130.00",https://diwanegypt.com/wp-content/uploads/2024/10/9780755651603-450x600.jpg
"A Daughter of Isis: The Early Life of Nawal El Saadawi, In H","EGP1,130.00",https://diwanegypt.com/wp-content/uploads/2024/10/9780755651566-450x600.jpg
The Hidden Face of Eve: Women in the Arab World,"EGP1,130.00",https://diwanegypt.com/wp-content/uploads/2024/10/9780755651528-450x600.jpg
The Vanishing Act of Esme Lennox,EGP755.00,https://diwanegypt.com/wp-content/uploads/2024/10/9780755308446-450x600.jpg
"Painting Cats: Curious, mindful & free-spirited watercolors","EGP1,010.00",https://diwanegypt.com/wp-content/uploads/2024/10/9780711285347-450x600.jpg
Painting Happiness: Creativity with Watercolors,"EGP1,010.00",https://diwanegypt.com/wp-content/uploads/2024/10/9780711270565-450x600.jpg
World of Art: The Classical Language of Architecture,"EGP1,130.00",https://diwanegypt.com/wp-content/uploads/2024/10/9780500297346-450x600.jpg
You Are An Artist,"EGP1,130.00",https://diwanegypt.com/wp-content/uploads/2024/10/9780500239933-450x600.jpg
The World According to: Vincent van Gogh,"EGP1,130.00",https://diwanegypt.com/wp-content/uploads/2024/10/9780500028728-450x600.jpg
Men and Monsters 1: Unwanted,EGP755.00,https://diwanegypt.com/wp-content/uploads/2024/10/9780349444239-450x600.jpg
Rose Hill 2: Wild Eyes,EGP755.00,https://diwanegypt.com/wp-content/uploads/2024/10/9780349441641-450x600.jpg
The Origins of You: How to Break Free from the Family Patter,EGP830.00,https://diwanegypt.com/wp-content/uploads/2024/10/9780349432663-450x600.jpg
A Therapeutic Journey: Lessons from the School of Life,EGP830.00,https://diwanegypt.com/wp-content/uploads/2024/10/9780241999417-450x600.jpg
Natural Wonders of the World,"EGP2,255.00",https://diwanegypt.com/wp-content/uploads/2024/10/9780241688175-450x600.jpg
"Art, Annotated: Your Expert Guide to 500 of the World’s Grea","EGP2,630.00",https://diwanegypt.com/wp-content/uploads/2024/10/9780241679388-450x600.jpg
"Creating Effective Spaces: How to Declutter, Organize and Ma","EGP1,280.00",https://diwanegypt.com/wp-content/uploads/2024/10/9780241665169-450x600.jpg
"Artist’s Painting Techniques: Explore Watercolours, Acrylics","EGP1,880.00",https://diwanegypt.com/wp-content/uploads/2024/10/9780241636268-450x600.jpg
Artist’s Drawing Techniques: Discover How to Draw Landscapes,"EGP1,880.00",https://diwanegypt.com/wp-content/uploads/2024/10/9780241636251-450x600.jpg
Artists Who Changed History,"EGP1,880.00",https://diwanegypt.com/wp-content/uploads/2024/10/9780241632895-450x600.jpg
Design: The Definitive Visual History,"EGP2,255.00",https://diwanegypt.com/wp-content/uploads/2024/10/9780241631782-450x600.jpg
"Flower Porn: Recipes for Modern Bouquets, Tablescapes and Di","EGP1,505.00",https://diwanegypt.com/wp-content/uploads/2024/10/9780241574775-450x600.jpg
"The Artist’s Manual: The Definitive Art Sourcebook: Media, M","EGP1,880.00",https://diwanegypt.com/wp-content/uploads/2024/10/9780241483855-450x600.jpg
Here One Moment,"EGP1,205.00",https://diwanegypt.com/wp-content/uploads/2024/10/9780241396117-450x600.jpg
"Nudge: Improving Decisions About Health, Wealth and Happines",EGP830.00,https://diwanegypt.com/wp-content/uploads/2024/10/9780141999937-450x600.jpg
The Mind-Gut Connection: How the Hidden Conversation Within,"EGP1,130.00",https://diwanegypt.com/wp-content/uploads/2024/10/9780062376589-450x600.jpg
Leonardo: The Complete Paintings (40th Ed.),"EGP1,880.00",https://diwanegypt.com/wp-content/uploads/2024/10/9783836599900-450x600.jpg
Motorcycles: 50 Ultimate Collector Motorcycles from the 1890,"EGP1,880.00",https://diwanegypt.com/wp-content/uploads/2024/10/9783836598774-450x600.jpg
Dior.Peter Lindbergh: New York/Archives (40th Ed.),"EGP1,880.00",https://diwanegypt.com/wp-content/uploads/2024/10/9783836598767-450x600.jpg
Scandinavian Design (40th Ed.),"EGP1,880.00",https://diwanegypt.com/wp-content/uploads/2024/10/9783836598422-450x600.jpg
Kay Nielsen: 1001 Nights,"EGP3,500.00",https://diwanegypt.com/wp-content/uploads/2024/10/9783836595636-450x600.jpg
Frida Kahlo (40th Ed.),"EGP1,880.00",https://diwanegypt.com/wp-content/uploads/2024/10/9783836594851-450x600.jpg
Homes for Our Time 3: Contemporary Houses around the World,"EGP4,505.00",https://diwanegypt.com/wp-content/uploads/2024/10/9783836594493-450x600.jpg
Living in Tuscany (40th Ed.),"EGP1,880.00",https://diwanegypt.com/wp-content/uploads/2024/10/9783836594424-450x600.jpg
Living in Provence (40th Ed.),"EGP1,880.00",https://diwanegypt.com/wp-content/uploads/2024/10/9783836594400-450x600.jpg
Zaha Hadid: Complete Works 1979–Today (40th Ed.),"EGP1,750.00",https://diwanegypt.com/wp-content/uploads/2024/10/9783836593496-450x600.jpg
Julius Shulman: Modernism Rediscovered (1939-1977),"EGP2,255.00",https://diwanegypt.com/wp-content/uploads/2024/10/9783836592550-450x600.jpg
Homes for Our Time: Small Houses,"EGP4,505.00",https://diwanegypt.com/wp-content/uploads/2024/10/9783836587013-450x600.jpg
Great Escapes Greece: The Hotel Book,"EGP3,755.00",https://diwanegypt.com/wp-content/uploads/2024/10/9783836585200-450x600.jpg
Great Escapes Mediterranean: The Hotel Book,"EGP3,500.00",https://diwanegypt.com/wp-content/uploads/2024/10/9783836578097-450x600.jpg
Great Escapes Europe: The Hotel Book,"EGP3,755.00",https://diwanegypt.com/wp-content/uploads/2024/10/9783836578073-450x600.jpg
Great Escapes Italy: The Hotel Book,"EGP3,500.00",https://diwanegypt.com/wp-content/uploads/2024/10/9783836578059-450x600.jpg
World of Ornament,"EGP2,690.00",https://diwanegypt.com/wp-content/uploads/2024/10/9783836571272-450x600.jpg
"History of Graphic Design. Vol. 2, 1960-Today","EGP4,505.00",https://diwanegypt.com/wp-content/uploads/2021/11/9783836570374-450x600.jpg
Portrait of a City: Rome,"EGP3,500.00",https://diwanegypt.com/wp-content/uploads/2024/10/9783836562713-450x600.jpg
Logo Modernism,"EGP4,505.00",https://diwanegypt.com/wp-content/uploads/2024/10/9783836545303-450x600.jpg
Genesis,"EGP2,330.00",https://diwanegypt.com/wp-content/uploads/2024/10/9783836538725-450x600.jpg
The Golden Years of Egyptian Film: Cairo Cinema 1936-1967,"EGP2,500.00",https://diwanegypt.com/wp-content/uploads/2024/10/9789775864277-450x600.jpg
Cinema Cairo: Dream Factory on the Nile,EGP500.00,https://diwanegypt.com/wp-content/uploads/2024/10/9786010056169-450x600.webp
"Cairo Cosmopolitan: Politics, Culture, and Urban Space in th",EGP600.00,https://diwanegypt.com/wp-content/uploads/2024/10/9789774249280-450x600.jpg
Coptic Saints and Pilgrimages,EGP400.00,https://diwanegypt.com/wp-content/uploads/2024/10/9789774161261-450x600.jpg
"Oral History in Times of Change: Gender, Documentation, and",EGP200.00,https://diwanegypt.com/wp-content/uploads/2024/10/9781649032355-450x600.jpg
"Biographies of Port Said: Everydayness of State, Dwellers, a",EGP200.00,https://diwanegypt.com/wp-content/uploads/2024/10/9781649032300-450x600.jpg
On Friendship between the No Longer and the Not Yet: An Ethn,EGP200.00,https://diwanegypt.com/wp-content/uploads/2024/10/9781649032294-450x600.jpg
Before We Forget Kindness,EGP830.00,https://diwanegypt.com/wp-content/uploads/2024/10/9781035046256.jpg
Revenge of the Tipping Point,"EGP1,280.00",https://diwanegypt.com/wp-content/uploads/2024/10/9780349147192-450x600.jpg
There Are Rivers in the Sky,"EGP1,205.00",https://diwanegypt.com/wp-content/uploads/2024/10/9780241435021-450x600.jpg
Soul Quest II: An Interactive Book,EGP750.00,https://diwanegypt.com/wp-content/uploads/2024/10/9789779492162-450x600.jpg
Between The World And Me,"EGP1,610.00",https://diwanegypt.com/wp-content/uploads/2024/10/9786010026935-450x600.jpg
Amazing son-in-law: The Charis 2,EGP810.00,https://diwanegypt.com/wp-content/uploads/2024/10/9786010001126-450x600.jpg
Prisoner of Tehran,EGP600.00,https://diwanegypt.com/wp-content/uploads/2024/10/9786009980454-450x600.jpg
Leonardo The Complete Paintin,"EGP3,755.00",https://diwanegypt.com/wp-content/uploads/2024/10/9783836576253-450x600.jpg
Anxious People,EGP880.00,https://diwanegypt.com/wp-content/uploads/2024/10/9781982158453-1.jpg
Sweet: Desserts from London’s Ottolenghi,"EGP2,100.00",https://diwanegypt.com/wp-content/uploads/2024/10/9781607749141-450x600.jpg
"Muhammad, His Life Based on the Earliest Sources","EGP1,305.00",https://diwanegypt.com/wp-content/uploads/2024/10/9781594771538-450x600.jpg
Muse,EGP455.00,https://diwanegypt.com/wp-content/uploads/2024/10/9781509845231-450x600.jpg
Lie With Me,EGP520.00,https://diwanegypt.com/wp-content/uploads/2024/10/9781473608320-450x600.webp
Flight of Cornelia Blackwood,EGP845.00,https://diwanegypt.com/wp-content/uploads/2024/10/9781471134548-450x600.jpg
Talk Like TED: The 9 Public Speaking Secrets of the World’s,EGP585.00,https://diwanegypt.com/wp-content/uploads/2024/10/9781447286325-450x600.jpg
Injustice Gods Among Us Vol. 1,EGP825.00,https://diwanegypt.com/wp-content/uploads/2024/10/9781401248437-450x600.jpg
"Batman, Year One",EGP855.00,https://diwanegypt.com/wp-content/uploads/2024/10/9781401207526-450x600.jpg
Life After Life,EGP455.00,https://diwanegypt.com/wp-content/uploads/2024/10/9780552779685-450x600.jpg
Transcription: A Novel,EGP585.00,https://diwanegypt.com/wp-content/uploads/2024/10/9780552776653-450x600.jpg
Practising the Power of Now,EGP750.00,https://diwanegypt.com/wp-content/uploads/2024/10/9780340822531-450x600.webp
Good Company,"EGP1,650.00",https://diwanegypt.com/wp-content/uploads/2024/10/9780062974921-450x600.jpg
"Honest, Truth About Dishonesty: How We Lie to Everyone–Espe",EGP440.00,https://diwanegypt.com/wp-content/uploads/2024/10/9780062253002-450x600.jpg
In A Parallel Universe,EGP250.00,https://diwanegypt.com/wp-content/uploads/2024/09/9781739588243-450x600.jpg
Intermezzo,"EGP1,130.00",https://diwanegypt.com/wp-content/uploads/2024/09/9780571365470-450x600.jpg
7 Rules of Self-Reliance,"EGP1,655.00",https://diwanegypt.com/wp-content/uploads/2024/09/9781401978662-450x600.jpg
"Newly-Discovered Statues From Giza, 1990–2009",EGP300.00,https://diwanegypt.com/wp-content/uploads/2024/09/9789777045872-450x600.jpg
Mishkah 4: Egyptian Journal of Islamic Archaeology. Volume 4,EGP300.00,https://diwanegypt.com/wp-content/uploads/2024/09/9789777041034-450x600.jpg
Wonders of the Horus Temple: The Sound and Light of Edfu,EGP350.00,https://diwanegypt.com/wp-content/uploads/2024/09/9789776389007-450x600.jpg
"Contesting Antiquity in Egypt: Archaeologies, Museums, and t",EGP600.00,https://diwanegypt.com/wp-content/uploads/2024/09/9789774166891-450x600.jpg
The Changing Middle East: A New Look at Regional Dynamics,EGP550.00,https://diwanegypt.com/wp-content/uploads/2024/09/9789774163531-450x600.jpg
Cairo: The Practical Guide Maps,EGP150.00,https://diwanegypt.com/wp-content/uploads/2024/09/9789774162046-450x600.jpg
Villa of the Birds: The Excavation and Preservation of the K,EGP350.00,https://diwanegypt.com/wp-content/uploads/2024/09/9789774160769-450x600.jpg
Wonders of the Pyramids: The Sound and Light of Giza,EGP350.00,https://diwanegypt.com/wp-content/uploads/2024/09/9789771780274-450x600.jpg
Ancient Egypt: A Photographic History,EGP950.00,https://diwanegypt.com/wp-content/uploads/2024/09/9781649034014-450x600.jpg
Mountains of the Pharaohs: The Untold Story of the Pyramid B,EGP500.00,https://diwanegypt.com/wp-content/uploads/2024/09/9781649033987-450x600.jpg
When Nature Awakens: A Collection of Painted Words,EGP580.00,https://diwanegypt.com/wp-content/uploads/2024/09/9789778800142-450x600.jpg
Paris along the Nile: Architecture in Cairo from the Belle E,EGP350.00,https://diwanegypt.com/wp-content/uploads/2021/12/9789774166532-450x600.jpg
Islamic Art and Culture: Timeline and History,EGP550.00,https://diwanegypt.com/wp-content/uploads/2024/08/9789774161940-450x600.jpg
"Taposiris Magna: A Temple, Fortress, and Monastery of Egypt",EGP400.00,https://diwanegypt.com/wp-content/uploads/2024/08/9789632148861-450x600.jpg
Ancient Egypt: Art and Archaeology (Japanese edition),EGP600.00,https://diwanegypt.com/wp-content/uploads/2024/08/9788880959939-450x600.jpg
Astronomer In Love,"EGP1,240.00",https://diwanegypt.com/wp-content/uploads/2024/08/9781913547462-450x600.jpg
Understanding the Public Sector in Egyptian Cinema: A State,EGP200.00,https://diwanegypt.com/wp-content/uploads/2024/08/9781649032287-450x600.jpg
International Migration in the Euro-Mediterranean Region: Ca,EGP200.00,https://diwanegypt.com/wp-content/uploads/2024/08/9781649032270-450x600.jpg
Stop Investing Like They Tell You: Discover and Overcome the,"EGP1,435.00",https://diwanegypt.com/wp-content/uploads/2024/08/9781631956317-450x600.jpg
Talking On Eggshells: Soft Skills for Hard Conversations,"EGP1,305.00",https://diwanegypt.com/wp-content/uploads/2024/08/9781608688494-450x600.jpg
Transformed Landscapes: Essays on Palestine and the Middle E,EGP200.00,https://diwanegypt.com/wp-content/uploads/2024/08/9789774162473-450x600.jpg
In a Fertile Desert: Modern Writing from the United Arab Emi,EGP150.00,https://diwanegypt.com/wp-content/uploads/2024/08/9789774162183-450x600.jpg
The Collar and the Bracelet,EGP150.00,https://diwanegypt.com/wp-content/uploads/2024/08/9789774161452-450x600.jpg
Transforming Loss into Beauty: Essays on Arabic Literature a,EGP300.00,https://diwanegypt.com/wp-content/uploads/2024/08/9789774161025-450x600.jpg
"Conscience of the Nation: Writers, State, and Society in Mod",EGP300.00,https://diwanegypt.com/wp-content/uploads/2024/08/9789774161018-450x600.jpg
The Last of the Angels,EGP150.00,https://diwanegypt.com/wp-content/uploads/2024/08/9789774160592-450x600.jpg
Wedding Night,EGP150.00,https://diwanegypt.com/wp-content/uploads/2024/08/9789774160066-450x600.jpg
Bruegel and Contemporaries: Art as a Covert Resistance,"EGP2,630.00",https://diwanegypt.com/wp-content/uploads/2024/08/9789462623163-450x600.jpg
What My Mother and I Don’t Talk About,EGP830.00,https://diwanegypt.com/wp-content/uploads/2024/08/9781982107352-450x600.jpg
Celebrity Spirit Oracle: Inspiring messages from famous icon,"EGP1,430.00",https://diwanegypt.com/wp-content/uploads/2024/08/9781925946581-450x600.jpg
Wishcraft Oracle: You are the Magic,"EGP1,130.00",https://diwanegypt.com/wp-content/uploads/2024/08/9781925946574-450x600.jpg
Green Witch Oracle Cards: Discover real secrets of Botanical,"EGP1,270.00",https://diwanegypt.com/wp-content/uploads/2024/08/9781925924718-450x600.jpg
Black Violet Tarot,"EGP1,805.00",https://diwanegypt.com/wp-content/uploads/2024/08/9781922786227-450x600.jpg
Love and Light Mantra Cards: A Journey to Self-Discovery,"EGP1,270.00",https://diwanegypt.com/wp-content/uploads/2024/08/9781922786197-450x600.jpg
Midnight Sun Oracle: Magical Messages from the Nordic Midsum,"EGP1,430.00",https://diwanegypt.com/wp-content/uploads/2024/08/9781922786036-450x600.jpg
Seasons of the Witch: Imbolc Oracle,"EGP1,430.00",https://diwanegypt.com/wp-content/uploads/2024/08/9781922579782-450x600.jpg
Seasons of the Witch: Mabon Oracle,"EGP1,430.00",https://diwanegypt.com/wp-content/uploads/2024/08/9781922579751-450x600.jpg
Pressure: Lessons from the Psychology of the Penalty Shootou,"EGP1,880.00",https://diwanegypt.com/wp-content/uploads/2024/08/9781915780218-450x600.jpg
The Glucose Goddess Method: Your four-week guide to cutting,"EGP1,540.00",https://diwanegypt.com/wp-content/uploads/2024/08/9781915780003-450x600.jpg
Kabbalah – The Tree of Life Oracle: Sacred Wisdom to Enrich,"EGP1,750.00",https://diwanegypt.com/wp-content/uploads/2024/08/9781914317262-450x600.jpg
The Bookshop Woman,"EGP1,280.00",https://diwanegypt.com/wp-content/uploads/2024/08/9781914240775-450x600.jpg
Empress of the Nile: The Daredevil Archaeologist Who Saved E,"EGP1,880.00",https://diwanegypt.com/wp-content/uploads/2024/08/9781911344261-450x600.jpg
Beginner’s Guide To Tarot,"EGP1,750.00",https://diwanegypt.com/wp-content/uploads/2024/08/9781859064061-450x600.jpg
The Wildwood Tarot: Wherein wisdom resides,"EGP1,750.00",https://diwanegypt.com/wp-content/uploads/2024/08/9781859063187-450x600.jpg
Abundance: The Inner Path To Wealth,EGP980.00,https://diwanegypt.com/wp-content/uploads/2024/08/9781846046933-450x600.jpg
Birthing A New Civilization: Transition to the New Golden Ag,EGP830.00,https://diwanegypt.com/wp-content/uploads/2024/08/9781844096336-450x600.jpg
True Angel Stories: 777 Messages of Hope and Inspiration,EGP905.00,https://diwanegypt.com/wp-content/uploads/2024/08/9781844096121-450x600.jpg
The Keys to the Universe Cards,"EGP1,280.00",https://diwanegypt.com/wp-content/uploads/2024/08/9781844096091-450x600.jpg
Ascension Cards: Accelerate Your Journey to the Light,"EGP1,130.00",https://diwanegypt.com/wp-content/uploads/2024/08/9781844096008-450x600.jpg
The Karma Release Meditation CD,EGP755.00,https://diwanegypt.com/wp-content/uploads/2024/08/9781844095261-450x600.jpg
Meditation to Connect with: Archangel Raphael CD,EGP755.00,https://diwanegypt.com/wp-content/uploads/2024/08/9781844095162-450x600.jpg
Meditation to Connect with: Archangel Uriel CD,EGP980.00,https://diwanegypt.com/wp-content/uploads/2024/08/9781844095155-450x600.jpg
Meditation to Connect with: Archangel Michael CD,EGP755.00,https://diwanegypt.com/wp-content/uploads/2024/08/9781844095148-450x600.jpg
Meditation to Connect with: Archangel Gabriel CD,EGP755.00,https://diwanegypt.com/wp-content/uploads/2024/08/9781844095131-450x600.jpg
A New Light on Angels,EGP755.00,https://diwanegypt.com/wp-content/uploads/2024/08/9781844091669-450x600.jpg
Enlightenment Through Orbs,"EGP1,355.00",https://diwanegypt.com/wp-content/uploads/2024/08/9781844091539-450x600.jpg
Atlantis Cards,"EGP1,130.00",https://diwanegypt.com/wp-content/uploads/2024/08/9781844090594-450x600.jpg
A New Light on Ascension,EGP680.00,https://diwanegypt.com/wp-content/uploads/2024/08/9781844090358-450x600.jpg
The Story of Art,"EGP1,750.00",https://diwanegypt.com/wp-content/uploads/2024/08/9781838666583-450x600.jpg
The Greatness Mindset: Unlock the Power of Your Mind and Liv,"EGP1,205.00",https://diwanegypt.com/wp-content/uploads/2024/08/9781837822805-450x600.jpg
Feng Shui Your Life: A Beginner’s Guide to Using Your Home t,EGP830.00,https://diwanegypt.com/wp-content/uploads/2024/08/9781837822478-450x600.jpg
The 22 Archangels Oracle (22-Card Deck & Guidebook),EGP755.00,https://diwanegypt.com/wp-content/uploads/2024/08/9781837822171-450x600.jpg
Care Package: Harnessing the Power of Self-Compassion to Hea,EGP980.00,https://diwanegypt.com/wp-content/uploads/2024/08/9781837821938-450x600.jpg
The Golden Future Oracle (44-Card Deck & Guidebook),"EGP1,355.00",https://diwanegypt.com/wp-content/uploads/2024/08/9781837820030-450x600.jpg
Menopostal: A Brief Guide to Hormonal Sanity,EGP685.00,https://diwanegypt.com/wp-content/uploads/2024/08/9781836280101-450x600.jpg
Mongrel,EGP945.00,https://diwanegypt.com/wp-content/uploads/2024/08/9781804440506-450x600.jpg
Little Book of Rolex: The story behind the iconic brand,"EGP1,055.00",https://diwanegypt.com/wp-content/uploads/2024/08/9781802797596-450x600.jpg
Daughters of the Nile,EGP755.00,https://diwanegypt.com/wp-content/uploads/2024/08/9781800183124-450x600.jpg
Traffic Secrets: The Underground Playbook for Filling Your W,"EGP1,130.00",https://diwanegypt.com/wp-content/uploads/2024/08/9781788179713-450x600.jpg
Nine Days of Eternity: An Extraordinary Near-Death Experienc,EGP980.00,https://diwanegypt.com/wp-content/uploads/2024/08/9781788179577-450x600.jpg
Self Source-ery Oracle (42-Card Deck & Guidebook),"EGP1,355.00",https://diwanegypt.com/wp-content/uploads/2024/08/9781788179355-450x600.jpg
The Bigger Picture: How Psychedelics Can Help Us Make Sense,EGP980.00,https://diwanegypt.com/wp-content/uploads/2024/08/9781788179157-450x600.jpg
The Comfort Zone: Create a Life You Really Love with Less St,"EGP1,130.00",https://diwanegypt.com/wp-content/uploads/2024/08/9781788179102-450x600.jpg
21 Days to Find Success and Inner Peace: Live with Gratitude,EGP830.00,https://diwanegypt.com/wp-content/uploads/2024/08/9781788178891-450x600.jpg
The Healing Waters Oracle (44-Card Deck & Guidebook),"EGP1,335.00",https://diwanegypt.com/wp-content/uploads/2024/08/9781788178471-450x600.jpg
The High 5 Habit: Take Control of Your Life with One Simple,"EGP1,130.00",https://diwanegypt.com/wp-content/uploads/2024/08/9781788177627-450x600.jpg
Heart Thoughts: A Treasury of Inner Wisdom,EGP980.00,https://diwanegypt.com/wp-content/uploads/2024/08/9781788177092-450x600.jpg
"In the World, But Not of It: Transforming Everyday Experienc",EGP630.00,https://diwanegypt.com/wp-content/uploads/2024/08/9781788176866-450x600.jpg
The Highest Level of Enlightenment: Transcend the Levels of,EGP830.00,https://diwanegypt.com/wp-content/uploads/2024/08/9781788176842-450x600.jpg
The Wisdom of Dr. David R. Hawkins: Classic Teachings on Spi,EGP905.00,https://diwanegypt.com/wp-content/uploads/2024/08/9781788176835-450x600.jpg
The Ego Is Not the Real You: Wisdom to Transcend the Mind an,EGP880.00,https://diwanegypt.com/wp-content/uploads/2024/08/9781788176682-450x600.jpg
The Starseed Oracle (53-Card Deck & Guidebook),"EGP1,540.00",https://diwanegypt.com/wp-content/uploads/2024/08/9781788172882-450x600.jpg
The Sugar Brain Fix: The 28-Day Plan to Quit Craving the Foo,"EGP1,130.00",https://diwanegypt.com/wp-content/uploads/2024/08/9781788172165-450x600.jpg
"Great Chat: Seven Lessons for Better Conversations, Deeper C","EGP1,280.00",https://diwanegypt.com/wp-content/uploads/2024/08/9781785121074-450x600.jpg
3 Minute Happiness Journal: Create Happy Habits. Change Your,EGP980.00,https://diwanegypt.com/wp-content/uploads/2024/08/9781737970477-450x600.jpg
"Heal Your Anxious Attachment: Release Past Trauma, Cultivate","EGP1,280.00",https://diwanegypt.com/wp-content/uploads/2024/08/9781648481970-450x600.jpg
The Dragon Riders Oracle (43-Card Deck & Guidebook),"EGP1,280.00",https://diwanegypt.com/wp-content/uploads/2024/08/9781644119990-450x600.jpg
The Wonder of Unicorns: Ascending with the Higher Angelic Re,"EGP1,130.00",https://diwanegypt.com/wp-content/uploads/2024/08/9781620559833-450x600.jpg
Crystal Clear Oracle: Loving Guidance from the Mineral Kingd,"EGP1,880.00",https://diwanegypt.com/wp-content/uploads/2024/08/9781591434849-450x600.jpg
Mythic Oracle: Wisdom of the Ancient Greek Pantheon,EGP905.00,https://diwanegypt.com/wp-content/uploads/2024/08/9781582703251-450x600.jpg
A Man & His Car: Iconic Cars and Stories from the Men Who Lo,"EGP2,630.00",https://diwanegypt.com/wp-content/uploads/2024/08/9781579658922-450x600.jpg
The Stoic Path to Wealth: Ancient Wisdom for Enduring Prospe,"EGP1,280.00",https://diwanegypt.com/wp-content/uploads/2024/08/9781529146707-450x600.jpg
The Atlas 2: The Atlas Paradox,EGP755.00,https://diwanegypt.com/wp-content/uploads/2024/08/9781529095326-450x600.jpg
"Win Every Argument: The Art of Debating, Persuading and Publ",EGP830.00,https://diwanegypt.com/wp-content/uploads/2024/08/9781529093629-450x600.jpg
Tom Lake,EGP755.00,https://diwanegypt.com/wp-content/uploads/2024/08/9781526664297-450x600.jpg
Believe in Your Own Magic Oracle Deck (45-Card Deck & Guideb,"EGP1,130.00",https://diwanegypt.com/wp-content/uploads/2024/08/9781524854539-450x600.jpg
The Nightingale,EGP755.00,https://diwanegypt.com/wp-content/uploads/2024/08/9781509898411-450x600.jpg
Century Trilogy 1: Fall of Giants,EGP830.00,https://diwanegypt.com/wp-content/uploads/2024/08/9781509848515-450x600.jpg
The Intelligence Trap: Revolutionise your Thinking and Make,EGP830.00,https://diwanegypt.com/wp-content/uploads/2024/08/9781473669857-450x600.jpg
The Sherwood Oracle: Hidden Lore of the Wild Forest,"EGP1,655.00",https://diwanegypt.com/wp-content/uploads/2024/08/9781454946113-450x600.jpg
Not in Love,EGP755.00,https://diwanegypt.com/wp-content/uploads/2024/08/9781408728901-450x600.jpg
Talking at Night,EGP680.00,https://diwanegypt.com/wp-content/uploads/2024/08/9781405953849-450x600.jpg
The Change Tarot: A 78-Card Deck and Guidebook for Psycholog,"EGP1,655.00",https://diwanegypt.com/wp-content/uploads/2024/08/9781401974718-450x600.jpg
Be Your Future Self Now: The Science of Intentional Transfor,EGP980.00,https://diwanegypt.com/wp-content/uploads/2024/08/9781401974015-450x600.jpg
The Light Seer’s Pocket Tarot (Tin Box)(78-Card Deck & Guide,EGP880.00,https://diwanegypt.com/wp-content/uploads/2024/08/9781401973421.jpg
Secrets of the Ancestors Oracle (45-Card Deck & Guidebook),"EGP1,355.00",https://diwanegypt.com/wp-content/uploads/2024/08/9781401973056-450x600.jpg
Ask Your Guides Oracle Cards (56-Card Deck & Guidebook),"EGP1,270.00",https://diwanegypt.com/wp-content/uploads/2024/08/9781401972943-450x600.jpg
The Time Traveler’s Oracle (44-Card Deck & Guidebook),"EGP1,205.00",https://diwanegypt.com/wp-content/uploads/2024/08/9781401972462-450x600.jpg
The Dream Weaver’s Oracle (44-Card Deck & Guidebook),"EGP1,355.00",https://diwanegypt.com/wp-content/uploads/2024/08/9781401962036-450x600.jpg
The Sacred Forest Oracle: 52 Cards to Open Energy Portals of,"EGP1,430.00",https://diwanegypt.com/wp-content/uploads/2022/02/9781401960452-450x600.jpg
The Spirit Messages Daily Guidance Oracle Deck (50-Card Deck,"EGP1,140.00",https://diwanegypt.com/wp-content/uploads/2022/02/9781401940263-450x600.jpg
Gateway Oracle Cards (44-Card Deck & Guidebook),"EGP1,430.00",https://diwanegypt.com/wp-content/uploads/2024/08/9781401931810-450x600.jpg
Messages From Your Animal Spirit Guides Oracle Cards (44-Car,"EGP1,280.00",https://diwanegypt.com/wp-content/uploads/2024/08/9781401919863-450x600.jpg
The Perfectionist’s Guide to Losing Control: A Path to Peace,"EGP1,280.00",https://diwanegypt.com/wp-content/uploads/2024/08/9781398700208-450x600.jpg
The Powerless Trilogy 2: Reckless,EGP755.00,https://diwanegypt.com/wp-content/uploads/2024/08/9781398530126-450x600.jpg
Eddie Flynn 4: Thirteen,EGP755.00,https://diwanegypt.com/wp-content/uploads/2024/08/9781035414994-450x600.jpg
Before the Coffee Gets Cold 4: Before We Say Goodbye,EGP830.00,https://diwanegypt.com/wp-content/uploads/2024/08/9781035044528-450x600.jpg
Clifton Chronicles 2: Sins of the Father,EGP755.00,https://diwanegypt.com/wp-content/uploads/2024/08/9781035022793-450x600.jpg
Kingsbridge 2: World Without End,EGP980.00,https://diwanegypt.com/wp-content/uploads/2024/08/9781035020140-450x600.jpg
Mexican: A Journey Through Design,"EGP3,755.00",https://diwanegypt.com/wp-content/uploads/2024/08/9780865654235-450x600.jpg
Haute Bohemians: Greece,"EGP4,880.00",https://diwanegypt.com/wp-content/uploads/2024/08/9780865654068-450x600.jpg
Living Well by Design,"EGP2,630.00",https://diwanegypt.com/wp-content/uploads/2024/08/9780865653955-450x600.jpg
David Netto,"EGP4,550.00",https://diwanegypt.com/wp-content/uploads/2024/08/9780865653924-450x600.jpg
Inside Tangier: Houses & Gardens,"EGP4,200.00",https://diwanegypt.com/wp-content/uploads/2024/08/9780865653702-450x600.jpg
Golden Mantras: Affirmation Deck and Guidebook,"EGP1,280.00",https://diwanegypt.com/wp-content/uploads/2024/08/9780762482603-450x600.jpg
The Dreamgate Oracle: A Self-Reflective Deck and Guidebook,"EGP1,750.00",https://diwanegypt.com/wp-content/uploads/2024/08/9780762481286-450x600.jpg
Woman at Point Zero,EGP830.00,https://diwanegypt.com/wp-content/uploads/2024/08/9780755651481-450x600.jpg
"River East, River West",EGP755.00,https://diwanegypt.com/wp-content/uploads/2024/08/9780715655627-450x600.jpg
Management of Art Galleries (3rd Edition),"EGP1,880.00",https://diwanegypt.com/wp-content/uploads/2024/08/9780714877754-450x600.jpg
"Forever Strong: A new, science-based strategy for aging well","EGP1,280.00",https://diwanegypt.com/wp-content/uploads/2024/08/9780349439563-450x600.jpg
Lakefront Billionaires 2: Love Unwritten,EGP755.00,https://diwanegypt.com/wp-content/uploads/2024/08/9780349437996-450x600.jpg
Drama Free: A Guide to Managing Unhealthy Family Relationshi,"EGP1,130.00",https://diwanegypt.com/wp-content/uploads/2024/08/9780349432120-450x600.jpg
"The Ornament of the World: How Muslims, Jews and Christians","EGP1,130.00",https://diwanegypt.com/wp-content/uploads/2024/08/9780316168717-450x600.jpg
The News: A User’s Manual,EGP750.00,https://diwanegypt.com/wp-content/uploads/2024/08/9780241972694-450x600.jpg
The Art of Travel,EGP880.00,https://diwanegypt.com/wp-content/uploads/2024/08/9780241970065-450x600.jpg
Religion for Atheists: A Non-Believer’s Guide to the Uses of,EGP880.00,https://diwanegypt.com/wp-content/uploads/2024/08/9780141046310-450x600.jpg
The Pleasures and Sorrows of Work,EGP880.00,https://diwanegypt.com/wp-content/uploads/2024/08/9780141027913-450x600.jpg
Status Anxiety,EGP750.00,https://diwanegypt.com/wp-content/uploads/2024/08/9780141014869-450x600.jpg
The Letters of Vincent Van Gogh (Penguin Classics),EGP880.00,https://diwanegypt.com/wp-content/uploads/2024/08/9780140446746-450x600.jpg
The Consolations of Philosophy,EGP980.00,https://diwanegypt.com/wp-content/uploads/2024/08/9780140276619-450x600.jpg
A Novel Love Story,EGP755.00,https://diwanegypt.com/wp-content/uploads/2024/08/9780008644314-450x600.jpg
The Midnight Feast,"EGP1,130.00",https://diwanegypt.com/wp-content/uploads/2024/08/9780008385101-450x600.jpg
From Madrid to Heaven,EGP350.00,https://diwanegypt.com/wp-content/uploads/2024/07/9789778732931-450x600.jpg
Treasures of Tutankhamun,EGP500.00,https://diwanegypt.com/wp-content/uploads/2024/07/9789776790087-450x600.jpg
IMF–Egyptian Debt Negotiations: Cairo Papers in Social Scien,EGP200.00,https://diwanegypt.com/wp-content/uploads/2024/07/9789774249167-450x600.jpg
Palestinian and Israeli Nationalism: Identity Politics and E,EGP200.00,https://diwanegypt.com/wp-content/uploads/2024/07/9789774248474-450x600.jpg
The Employment Crisis of Female Graduates in Egypt: An Ethno,EGP200.00,https://diwanegypt.com/wp-content/uploads/2024/07/9789774248467-450x600.jpg
"For Better, For Worse: The Marriage Crisis that Made Modern",EGP250.00,https://diwanegypt.com/wp-content/uploads/2024/07/9789774163739-450x600.jpg
Wolves of the Crescent Moon,EGP150.00,https://diwanegypt.com/wp-content/uploads/2024/07/9789774163678-450x600.jpg
Nights of Musk: Stories from Old Nubia,EGP150.00,https://diwanegypt.com/wp-content/uploads/2024/07/9789774162169-450x600.jpg
Zafarani Files,EGP150.00,https://diwanegypt.com/wp-content/uploads/2024/07/9789774161902-450x600.jpg
Guide to the Exploration of the Sinai,EGP250.00,https://diwanegypt.com/wp-content/uploads/2024/07/9789774161636-450x600.jpg
Cell Block Five,EGP150.00,https://diwanegypt.com/wp-content/uploads/2024/07/9789774161421-450x600.jpg
Sufism: The Formative Period,EGP250.00,https://diwanegypt.com/wp-content/uploads/2024/07/9789774160806-450x600.jpg
"The Image, the Icon, and the Covenant",EGP150.00,https://diwanegypt.com/wp-content/uploads/2024/07/9789774160752-450x600.jpg
The Role of Local Councils in Empowerment and Poverty Reduct,EGP200.00,https://diwanegypt.com/wp-content/uploads/2024/07/9789774160141-450x600.jpg
Egypt’s Wilderness: and the Quest for Conservation,EGP300.00,https://diwanegypt.com/wp-content/uploads/2024/07/9789771709022-450x600.jpg
In the Eye of Horus: A Photographer’s Flight over Egypt,EGP950.00,https://diwanegypt.com/wp-content/uploads/2024/07/9788880956648-450x600.jpg
Wonders of Egypt,EGP550.00,https://diwanegypt.com/wp-content/uploads/2024/07/9788854013483.webp
Illustrated Guide to the: Valley of the Kings (French): and,EGP600.00,https://diwanegypt.com/wp-content/uploads/2024/07/9788854001510-450x600.jpg
Treasures of the Egyptian Museum (Spanish),"EGP1,750.00",https://diwanegypt.com/wp-content/uploads/2024/07/9788854000810-450x600.webp
Art of Happiness,EGP980.00,https://diwanegypt.com/wp-content/uploads/2024/07/9786010013217.webp
Medicine Heart Oracle: Shamanic Wisdom of the Divine Feminin,"EGP2,150.00",https://diwanegypt.com/wp-content/uploads/2024/07/9780738777542-450x600.webp
Long Walk to Freedom,EGP600.00,https://diwanegypt.com/wp-content/uploads/2024/07/9786010012892-450x600.webp
Are You the One for Me?,EGP590.00,https://diwanegypt.com/wp-content/uploads/2024/07/9786010012374-450x600.jpg
The Crystal Bible 3,"EGP1,435.00",https://diwanegypt.com/wp-content/uploads/2024/07/9786010012077-450x600.jpg
The Crystal Bible 2,"EGP1,435.00",https://diwanegypt.com/wp-content/uploads/2024/07/9786010012070-450x600.jpg
Secrets of the Baby Whisperer,"EGP1,110.00",https://diwanegypt.com/wp-content/uploads/2024/07/9786010011949-450x600.jpg
Lost & Found A Memoir,"EGP1,110.00",https://diwanegypt.com/wp-content/uploads/2024/07/9786010011735-450x600.jpg
Comfortable with Uncertainty,"EGP1,110.00",https://diwanegypt.com/wp-content/uploads/2024/07/9786010011334-450x600.jpg
All the Names,EGP755.00,https://diwanegypt.com/wp-content/uploads/2024/07/9786010005351-450x600.jpg
Smarter Faster Better,EGP755.00,https://diwanegypt.com/wp-content/uploads/2024/07/9786010005344-450x600.jpg
Startup Way,"EGP1,130.00",https://diwanegypt.com/wp-content/uploads/2024/07/9786010005216-450x600.jpg
Life-Changing Magic of Tidying,EGP980.00,https://diwanegypt.com/wp-content/uploads/2020/09/9780091955106-450x600.jpg
Black Milk,"EGP1,175.00",https://diwanegypt.com/wp-content/uploads/2024/07/9786009992600.webp
Valley of the kings (German),EGP250.00,https://diwanegypt.com/wp-content/uploads/2024/07/9783898935609.webp
Discovery of the Nile (German),EGP750.00,https://diwanegypt.com/wp-content/uploads/2024/07/9783860706251-450x600.jpg
The Wisdom Seeker’s Tarot: Cards and Techniques for Self-Dis,"EGP1,620.00",https://diwanegypt.com/wp-content/uploads/2022/06/9781786780348-450x600.jpg
A Nose and Three Eyes,EGP450.00,https://diwanegypt.com/wp-content/uploads/2024/07/9781649033598-450x600.jpg
My Life in Jewelry: A Memoir,"EGP1,200.00",https://diwanegypt.com/wp-content/uploads/2024/07/9781649032898-450x600.jpg
Isis Oracle,"EGP1,560.00",https://diwanegypt.com/wp-content/uploads/2021/12/9781572817593-450x600.jpg
Into The Wild,EGP830.00,https://diwanegypt.com/wp-content/uploads/2024/07/9781035038572.webp
Good Omens Tarot Deck and Guidebook,"EGP1,825.00",https://diwanegypt.com/wp-content/uploads/2024/07/9798886631548-450x600.jpg
No Longer Human,EGP980.00,https://diwanegypt.com/wp-content/uploads/2024/07/9784805317426-450x600.jpg
The 1990s Fashion Book,"EGP3,500.00",https://diwanegypt.com/wp-content/uploads/2024/07/9783961715206-450x600.jpg
Modernist Beirut,"EGP6,650.00",https://diwanegypt.com/wp-content/uploads/2024/07/9782376660798-450x600.jpg
How Democracies Die,EGP655.00,https://diwanegypt.com/wp-content/uploads/2024/07/9781984825773-450x600.jpg
Your Next Five Moves: Master the Art of Business Strategy,EGP750.00,https://diwanegypt.com/wp-content/uploads/2024/07/9781982154813-450x600.jpg
This Was Meant to Find You: When You Needed It Most,"EGP1,175.00",https://diwanegypt.com/wp-content/uploads/2024/07/9781949759648-450x600.jpg
The Pivot Year: 365 Days to Become the Person You truly Want,"EGP1,175.00",https://diwanegypt.com/wp-content/uploads/2024/07/9781949759624-450x600.jpg
Traces of Enayat,"EGP1,240.00",https://diwanegypt.com/wp-content/uploads/2024/07/9781945492846-450x600.jpg
Anamchara Oracle: Be guided by your loving soul companion,"EGP1,500.00",https://diwanegypt.com/wp-content/uploads/2024/07/9781922786029-450x600.jpg
Heal Yourself Oracle: Intuitive guidance to transform your s,"EGP1,335.00",https://diwanegypt.com/wp-content/uploads/2024/07/9781922785817-450x600.jpg
Resurrection Oracle: Welcome to your life,"EGP1,760.00",https://diwanegypt.com/wp-content/uploads/2024/07/9781922785800-450x600.jpg
Deadly Apothecary Oracle: Poisonous plants as guides and hea,"EGP1,630.00",https://diwanegypt.com/wp-content/uploads/2024/07/9781922785664-450x600.jpg
Oracle of Heaven and Hell: Harness the power of the angels a,"EGP1,800.00",https://diwanegypt.com/wp-content/uploads/2024/07/9781922785336-450x600.jpg
Seasons of the Witch: Litha Oracle,"EGP1,630.00",https://diwanegypt.com/wp-content/uploads/2024/07/9781922579768-450x600.jpg
Fortune Oracle,"EGP1,630.00",https://diwanegypt.com/wp-content/uploads/2024/07/9781922579676-450x600.jpg
Hieronymus Bosch Tarot,"EGP1,955.00",https://diwanegypt.com/wp-content/uploads/2024/07/9781922579652-450x600.jpg
Goddesses Among Us,"EGP1,630.00",https://diwanegypt.com/wp-content/uploads/2024/07/9781922579317-450x600.jpg
Dave Pelzer 1: A Child Called It,EGP755.00,https://diwanegypt.com/wp-content/uploads/2024/07/9781841883090-450x600.jpg
Testament,EGP755.00,https://diwanegypt.com/wp-content/uploads/2024/07/9781838776374-450x600.jpg
How to Collect Art,"EGP1,880.00",https://diwanegypt.com/wp-content/uploads/2024/07/9781838666255-450x600.jpg
Vitamin Txt: Words in Contemporary Art,"EGP3,500.00",https://diwanegypt.com/wp-content/uploads/2024/07/9781838665463-450x600.jpg
Great Women Painters,"EGP3,500.00",https://diwanegypt.com/wp-content/uploads/2024/07/9781838663285-450x600.jpg
The Tattooist of Auschwitz 1: The Tattooist of Auschwitz,EGP605.00,https://diwanegypt.com/wp-content/uploads/2024/07/9781804184158-450x600.jpg
Happiness Is The Way: How to Reframe Your Thinking and Work,"EGP1,010.00",https://diwanegypt.com/wp-content/uploads/2021/11/9781788175302-450x600.jpg
The Guardian: Killer Sudoku 1: A collection of more than 200,EGP560.00,https://diwanegypt.com/wp-content/uploads/2024/07/9781787396937-450x600.jpg
Gallant,EGP755.00,https://diwanegypt.com/wp-content/uploads/2024/07/9781785658709-450x600.jpg
The Imposter Cure: Beat insecurities and gain self-belief,EGP830.00,https://diwanegypt.com/wp-content/uploads/2024/07/9781783256273-450x600.jpg
The Whole-Brain Child: 12 Proven Strategies to Nurture Your,"EGP1,130.00",https://diwanegypt.com/wp-content/uploads/2024/07/9781780338378-450x600.jpg
Playing for Keeps 3: Unravel Me,EGP755.00,https://diwanegypt.com/wp-content/uploads/2024/07/9781761425868-450x600.jpg
Playing for Keeps 2: Play With Me,EGP755.00,https://diwanegypt.com/wp-content/uploads/2024/07/9781761425844-450x600.jpg
Playing for Keeps 1: Consider Me,EGP755.00,https://diwanegypt.com/wp-content/uploads/2024/07/9781761425820-450x600.jpg
Hades x Persephone 2: A Game of Fate,"EGP1,110.00",https://diwanegypt.com/wp-content/uploads/2024/07/9781728260730-450x600.jpg
Hades x Persephone 7: A Touch of Chaos,"EGP1,240.00",https://diwanegypt.com/wp-content/uploads/2024/07/9781728259734-450x600.jpg
Hades x Persephone 6: A Game of Gods,"EGP1,175.00",https://diwanegypt.com/wp-content/uploads/2024/07/9781728259680-450x600.jpg
Hades x Persephone 4: A Game of Retribution,"EGP1,110.00",https://diwanegypt.com/wp-content/uploads/2024/07/9781728259604-450x600.jpg
What Happened to Make You Anxious?: How to Uncover the Littl,"EGP1,010.00",https://diwanegypt.com/wp-content/uploads/2024/07/9781684038756-450x600.jpg
The Highly Sensitive Person’s Guide to Dealing with Toxic Pe,"EGP1,270.00",https://diwanegypt.com/wp-content/uploads/2024/07/9781684035304-450x600.jpg
Anxiety Happens: 52 Ways to Find Peace of Mind,EGP815.00,https://diwanegypt.com/wp-content/uploads/2024/07/9781684031108-450x600.jpg
Career Forward: Strategies from Women Who’ve Made It,EGP980.00,https://diwanegypt.com/wp-content/uploads/2024/07/9781668055823-450x600.jpg
Holly Gibney: Holly,"EGP1,800.00",https://diwanegypt.com/wp-content/uploads/2024/07/9781668016138-450x600.jpg
Put Your Anxiety Here: A Creative Guided Journal to Relieve,"EGP1,075.00",https://diwanegypt.com/wp-content/uploads/2024/07/9781648481451.jpg
Buffy the Vampire Slayer Tarot Deck and Guidebook,"EGP1,825.00",https://diwanegypt.com/wp-content/uploads/2024/07/9781647228514-450x600.jpg
The Lord of the Rings Tarot Deck and Guide,"EGP1,825.00",https://diwanegypt.com/wp-content/uploads/2024/07/9781647228095-450x600.jpg
Stranger Things Tarot Deck and Guidebook,"EGP1,825.00",https://diwanegypt.com/wp-content/uploads/2024/07/9781647227432-450x600.jpg
Supernatural: Join The Hunt: Tarot Deck and Guidebook,"EGP1,630.00",https://diwanegypt.com/wp-content/uploads/2024/07/9781647221218-450x600.jpg
Woodland Fairy Tale Tarot,"EGP2,020.00",https://diwanegypt.com/wp-content/uploads/2024/07/9781646711925-450x600.jpg
The Way Seekers Tarot,"EGP1,565.00",https://diwanegypt.com/wp-content/uploads/2024/07/9781646711864-450x600.jpg
Trinity Tarot,"EGP1,130.00",https://diwanegypt.com/wp-content/uploads/2024/07/9781646711857-450x600.jpg
"Wing, Hoof and Paw: an Animal Companion Oracle","EGP1,760.00",https://diwanegypt.com/wp-content/uploads/2024/07/9781646711833-450x600.jpg
Zodiac Tarot ( Tin Box ),"EGP1,130.00",https://diwanegypt.com/wp-content/uploads/2024/07/9781646711826-450x600.jpg
Afro Goddess Tarot Arcanas,"EGP3,060.00",https://diwanegypt.com/wp-content/uploads/2024/07/9781646711765-450x600.jpg
Gjallarhorn: A Norse Oracle Deck,"EGP1,980.00",https://diwanegypt.com/wp-content/uploads/2024/07/9781646711680-450x600.jpg
Universal Folk Tarot,"EGP2,280.00",https://diwanegypt.com/wp-content/uploads/2024/07/9781646711611-450x600.jpg
Old Style Tarot,"EGP1,440.00",https://diwanegypt.com/wp-content/uploads/2024/07/9781646711437-450x600.jpg
Golden Black Cat Tarot,"EGP1,980.00",https://diwanegypt.com/wp-content/uploads/2024/07/9781646711352-450x600.jpg
Sortilegium Tarot,"EGP1,890.00",https://diwanegypt.com/wp-content/uploads/2024/07/9781646711314-450x600.jpg
W.I.T.C.H. Woman in Total Control of Herself (Oracle),"EGP1,620.00",https://diwanegypt.com/wp-content/uploads/2024/07/9781646711222-450x600.jpg
Ethereal Visions Tarot: Luna Edition,"EGP1,760.00",https://diwanegypt.com/wp-content/uploads/2024/07/9781646711123-450x600.jpg
The Esoteric Buddhism of Japan (Oracle Cards),"EGP1,695.00",https://diwanegypt.com/wp-content/uploads/2024/07/9781646710843-450x600.jpg
Angelarium: Oracle of the Fallen,"EGP2,280.00",https://diwanegypt.com/wp-content/uploads/2024/07/9781645678618-450x600.jpg
Self-Esteem: A Proven Program of Cognitive Techniques for As,"EGP1,355.00",https://diwanegypt.com/wp-content/uploads/2024/07/9781626253933-450x600.jpg
"The Culture Map: Decoding How People Think, Lead, and Get Th","EGP1,280.00",https://diwanegypt.com/wp-content/uploads/2024/07/9781610392761-450x600.jpg
No Excuses!: The Power of Self-Discipline,"EGP1,205.00",https://diwanegypt.com/wp-content/uploads/2024/07/9781593156329-450x600.jpg
Elle Qui Oracle,"EGP1,565.00",https://diwanegypt.com/wp-content/uploads/2022/06/9781572819733-450x600.jpg
Royal Mischief Transformation Playing Cards,EGP580.00,https://diwanegypt.com/wp-content/uploads/2024/07/9781572819597-450x600.jpg
Zillich Tarot (Tin Box),"EGP1,130.00",https://diwanegypt.com/wp-content/uploads/2022/06/9781572819245-450x600.jpg
Oracle of Mystical Moments,"EGP1,440.00",https://diwanegypt.com/wp-content/uploads/2022/03/9781572819207-450x600.jpg
Eight Coins’ Tattoo Tarot,"EGP2,085.00",https://diwanegypt.com/wp-content/uploads/2024/07/9781572819191-450x600.jpg
Tarot De Maria Celia (Tin Box),"EGP1,130.00",https://diwanegypt.com/wp-content/uploads/2022/03/9781572818804-450x600.png
Viking Oracle: Wisdom of the Ancient Norse,"EGP1,695.00",https://diwanegypt.com/wp-content/uploads/2024/07/9781572818781-450x600.jpg
Barbara Walker Tarot (Tin Box),"EGP1,130.00",https://diwanegypt.com/wp-content/uploads/2022/06/9781572818774-450x600.jpg
Chrysalis Tarot (Deck and Book Set),"EGP2,280.00",https://diwanegypt.com/wp-content/uploads/2024/07/9781572818439-450x600.jpg
Faerie Tarot,"EGP1,435.00",https://diwanegypt.com/wp-content/uploads/2024/07/9781572818187-450x600.jpg
Smith-Waite Centennial Tarot Deck,"EGP1,440.00",https://diwanegypt.com/wp-content/uploads/2022/03/9781572817623-450x600.jpg
The New Mythic Tarot Deck,"EGP1,800.00",https://diwanegypt.com/wp-content/uploads/2024/07/9781572817364-450x600.jpg
Vanessa Tarot (Tin Box),"EGP1,130.00",https://diwanegypt.com/wp-content/uploads/2024/07/9781572815742-450x600.jpg
Quick & Easy Tarot,"EGP1,320.00",https://diwanegypt.com/wp-content/uploads/2024/07/9781572812444.jpg
The Power of the Runes Deck,"EGP1,305.00",https://diwanegypt.com/wp-content/uploads/2024/07/9781572810877-450x600.jpg
The Almanack of Naval Ravikant: A Guide to Wealth and Happin,"EGP1,240.00",https://diwanegypt.com/wp-content/uploads/2024/07/9781544514215-450x600.jpg
This Is Me Letting You Go,"EGP1,175.00",https://diwanegypt.com/wp-content/uploads/2024/07/9781530896653-450x600.jpg
Get Your Sh*t Together,EGP830.00,https://diwanegypt.com/wp-content/uploads/2024/07/9781529434897-450x600.jpg
The Perfect Wife,EGP755.00,https://diwanegypt.com/wp-content/uploads/2024/07/9781529431506-450x600.jpg
The Life-Changing Magic of Not Giving a F**k,EGP755.00,https://diwanegypt.com/wp-content/uploads/2024/07/9781529429022-450x600.jpg
The Wake-Up Call,EGP755.00,https://diwanegypt.com/wp-content/uploads/2024/07/9781529418262-450x600.jpg
My Name is Maame,EGP755.00,https://diwanegypt.com/wp-content/uploads/2024/07/9781529395617-450x600.jpg
Chief Inspector Gamache Mysteries 16: All the Devils Are Her,EGP755.00,https://diwanegypt.com/wp-content/uploads/2024/07/9781529387513-450x600.jpg
Death of a Bookseller,EGP755.00,https://diwanegypt.com/wp-content/uploads/2024/07/9781529385373-450x600.jpg
The Last Tale of the Flower Bride,EGP755.00,https://diwanegypt.com/wp-content/uploads/2024/07/9781529384086-450x600.jpg
Different Seasons 2: The Body,EGP755.00,https://diwanegypt.com/wp-content/uploads/2024/07/9781529379334-450x600.jpg
The Mist,EGP755.00,https://diwanegypt.com/wp-content/uploads/2024/07/9781529379310-450x600.jpg
Baked to Perfection: Delicious Gluten-Free Recipes with a Pi,"EGP1,820.00",https://diwanegypt.com/wp-content/uploads/2022/06/9781526613486-450x600.jpg
Neopets: The Official Tarot Deck (Faerie Edition) 78-Card De,"EGP1,500.00",https://diwanegypt.com/wp-content/uploads/2024/07/9781524882556-450x600.jpg
The Wandering Heart Deck,"EGP1,630.00",https://diwanegypt.com/wp-content/uploads/2024/07/9781524879808-450x600.jpg
The Montessori Baby: A Parent’s Guide to Nurturing Your Baby,"EGP1,205.00",https://diwanegypt.com/wp-content/uploads/2024/07/9781523512409-450x600.jpg
Canon Clement Mysteries 1: Murder Before Evensong,EGP755.00,https://diwanegypt.com/wp-content/uploads/2024/07/9781474612647-450x600.jpg
It,EGP980.00,https://diwanegypt.com/wp-content/uploads/2024/07/9781473666948-450x600.jpg
Alex Stern 2: Hell Bent,EGP755.00,https://diwanegypt.com/wp-content/uploads/2024/07/9781473228030-450x600.jpg
Mistborn: Secret History,EGP830.00,https://diwanegypt.com/wp-content/uploads/2024/07/9781473225046-450x600.jpg
Elantris: The Emperor’s Soul (Cosmere Novella),EGP755.00,https://diwanegypt.com/wp-content/uploads/2024/07/9781473212640-450x600.jpg
When in Rome 2: Practice Makes Perfect,EGP755.00,https://diwanegypt.com/wp-content/uploads/2024/07/9781472297082-450x600.jpg
Principles for Dealing with the Changing World Order: Why Na,"EGP1,505.00",https://diwanegypt.com/wp-content/uploads/2022/12/9781471196690-450x600.jpg
What To Expect The 1st Year (3rd Edition),"EGP1,280.00",https://diwanegypt.com/wp-content/uploads/2024/07/9781471172090-450x600.jpg
What to Expect When You’re Expecting,"EGP1,140.00",https://diwanegypt.com/wp-content/uploads/2024/07/9781471147524-450x600.jpg
Lords of the Desert: Britain’s Struggle with America to Domi,EGP680.00,https://diwanegypt.com/wp-content/uploads/2024/07/9781471139802-450x600.jpg
The Art of Thinking Clearly: The Secrets of Perfect Decision,EGP750.00,https://diwanegypt.com/wp-content/uploads/2024/07/9781444759563-450x600.jpg
The Shining 1: The Shining,EGP830.00,https://diwanegypt.com/wp-content/uploads/2024/07/9781444720723-450x600.jpg
Misery,EGP830.00,https://diwanegypt.com/wp-content/uploads/2024/07/9781444720716-450x600.jpg
1001 Inventions: The Enduring Legacy of Muslim Civilization,"EGP1,825.00",https://diwanegypt.com/wp-content/uploads/2024/07/9781426209345-450x600.jpg
"How to Do the Work: Recognize Your Patterns, Heal from Your","EGP1,430.00",https://diwanegypt.com/wp-content/uploads/2024/07/9781409197744-450x600.jpg
Bride,EGP755.00,https://diwanegypt.com/wp-content/uploads/2024/07/9781408728864-450x600.jpg
Jack Ryan Jr. 11: Tom Clancy Weapons Grade,EGP630.00,https://diwanegypt.com/wp-content/uploads/2024/07/9781408727751-450x600.jpg
Check & Mate,EGP755.00,https://diwanegypt.com/wp-content/uploads/2024/07/9781408727614-450x600.jpg
Detective Miller 1: The Last Dance,EGP755.00,https://diwanegypt.com/wp-content/uploads/2024/07/9781408726358-450x600.jpg
The Summer Skies,EGP755.00,https://diwanegypt.com/wp-content/uploads/2024/07/9781408726150-450x600.jpg
Someone Else’s Shoes,EGP755.00,https://diwanegypt.com/wp-content/uploads/2024/07/9781405943505-450x600.jpg
Forever Never,EGP755.00,https://diwanegypt.com/wp-content/uploads/2024/07/9781399726924-450x600.jpg
The Worst Best Man,EGP755.00,https://diwanegypt.com/wp-content/uploads/2024/07/9781399726900-450x600.jpg
By a Thread,EGP755.00,https://diwanegypt.com/wp-content/uploads/2024/07/9781399726887-450x600.jpg
Benevolence 3: Protecting What’s Mine,EGP755.00,https://diwanegypt.com/wp-content/uploads/2024/07/9781399726863-450x600.jpg
Benevolence 2: Finally Mine,EGP755.00,https://diwanegypt.com/wp-content/uploads/2024/07/9781399726849-450x600.jpg
Benevolence 1: Pretend You’re Mine,EGP755.00,https://diwanegypt.com/wp-content/uploads/2024/07/9781399726771-450x600.jpg
The Last Word,EGP755.00,https://diwanegypt.com/wp-content/uploads/2024/07/9781399717977-450x600.jpg
The Hitchhiker’s Guide To The Galaxy 1: The Hitchhiker’s Gui,"EGP1,130.00",https://diwanegypt.com/wp-content/uploads/2024/07/9781399617246-450x600.jpg
Secret Projects 1: Tress of the Emerald Sea (Cosmere Series),EGP755.00,https://diwanegypt.com/wp-content/uploads/2024/07/9781399613392-450x600.jpg
Glimmer Falls 1: A Witch’s Guide to Fake Dating a Demon,EGP755.00,https://diwanegypt.com/wp-content/uploads/2024/07/9781399608893-450x600.jpg
Sprawl 1: Neuromancer (SF Masterworks),EGP755.00,https://diwanegypt.com/wp-content/uploads/2024/07/9781399607773-450x600.jpg
Flowers For Algernon (SF Masterworks),EGP755.00,https://diwanegypt.com/wp-content/uploads/2024/07/9781399607766-450x600.jpg
Sands of Dune: Novellas from the world of Dune,EGP755.00,https://diwanegypt.com/wp-content/uploads/2024/07/9781399606035-450x600.jpg
Vancouver Storm 2: The Fake Out,EGP755.00,https://diwanegypt.com/wp-content/uploads/2024/07/9781398724280-450x600.jpg
Vancouver Storm 1: Behind The Net,EGP755.00,https://diwanegypt.com/wp-content/uploads/2024/07/9781398724259-450x600.jpg
Dark Prince Road 2: My Dark Desire,EGP755.00,https://diwanegypt.com/wp-content/uploads/2024/07/9781398722026-450x600.jpg
The Bodyguard,EGP755.00,https://diwanegypt.com/wp-content/uploads/2024/07/9781398717411-450x600.jpg
Magnolia Parks Universe 1: Magnolia Parks,EGP755.00,https://diwanegypt.com/wp-content/uploads/2024/07/9781398716902-450x600.jpg
Inspector Rebus 24: A Heart Full of Headstones,EGP755.00,https://diwanegypt.com/wp-content/uploads/2024/07/9781398709386-450x600.jpg
What Happens in Dubai,EGP755.00,https://diwanegypt.com/wp-content/uploads/2024/07/9781398706705-450x600.jpg
Undoctored,EGP755.00,https://diwanegypt.com/wp-content/uploads/2024/07/9781398700390-450x600.jpg
The Do-Over,EGP680.00,https://diwanegypt.com/wp-content/uploads/2024/07/9781398536487-450x600.jpg
Betting On You,EGP680.00,https://diwanegypt.com/wp-content/uploads/2024/07/9781398536470-450x600.jpg
The Powerless: Powerful,EGP680.00,https://diwanegypt.com/wp-content/uploads/2024/07/9781398535732-450x600.jpg
The Holy Grail of Investing: The World’s Greatest Investors,"EGP1,280.00",https://diwanegypt.com/wp-content/uploads/2024/07/9781398533165-450x600.jpg
Heart Bones,EGP755.00,https://diwanegypt.com/wp-content/uploads/2024/07/9781398525054-450x600.jpg
"Killers of the Flower Moon: Oil, Money, Murder and the Birth",EGP755.00,https://diwanegypt.com/wp-content/uploads/2024/07/9781398513341-450x600.jpg
Chip War: The Fight for the World’s Most Critical Technology,EGP830.00,https://diwanegypt.com/wp-content/uploads/2024/07/9781398504127-450x600.jpg
The Crimson Moth 1: Heartless Hunter,"EGP1,305.00",https://diwanegypt.com/wp-content/uploads/2024/07/9781250866905-450x600.jpg
The Familiar,"EGP1,175.00",https://diwanegypt.com/wp-content/uploads/2024/07/9781250357717-450x600.jpg
The Women,"EGP1,075.00",https://diwanegypt.com/wp-content/uploads/2024/07/9781250348838-450x600.jpg
Nightwork,EGP655.00,https://diwanegypt.com/wp-content/uploads/2024/07/9781250321176-450x600.jpg
The Rule Book,EGP830.00,https://diwanegypt.com/wp-content/uploads/2024/07/9781035409051-450x600.jpg
Kill For Me Kill For You,EGP755.00,https://diwanegypt.com/wp-content/uploads/2024/07/9781035408191-450x600.jpg
Aquarian Tarot (Deck & Guidebook),"EGP1,955.00",https://diwanegypt.com/wp-content/uploads/2024/07/9780880795920-450x600.jpg
Russian Tarot of St. Petersburg Deck,"EGP1,440.00",https://diwanegypt.com/wp-content/uploads/2022/11/9780880795838-450x600.jpg
Renaissance Tarot Deck,"EGP1,320.00",https://diwanegypt.com/wp-content/uploads/2022/06/9780880793070-450x600.jpg
The Way I Used to Be 2: The Way I Am Now,EGP680.00,https://diwanegypt.com/wp-content/uploads/2024/07/9780861546824-450x600.jpg
Journeys Toward Gender Equality in Islam,"EGP1,505.00",https://diwanegypt.com/wp-content/uploads/2024/07/9780861543274-450x600.jpg
Letters to Milena (The Schocken Kafka Library),"EGP1,240.00",https://diwanegypt.com/wp-content/uploads/2024/07/9780805212679-450x600.jpg
The Gorgon’s Tarot,"EGP2,700.00",https://diwanegypt.com/wp-content/uploads/2024/07/9780764345906-450x600.jpg
Betrayal bond: Breaking Free of Exploitive Relationships,EGP905.00,https://diwanegypt.com/wp-content/uploads/2024/07/9780757318238-450x600.jpg
Dreamland,EGP680.00,https://diwanegypt.com/wp-content/uploads/2024/07/9780751585537-450x600.jpg
I Promise It Won’t Always Hurt Like This: 18 Assurances on G,"EGP1,130.00",https://diwanegypt.com/wp-content/uploads/2024/07/9780751584998-450x600.jpg
Cormoran Strike 5: Troubled Blood,EGP750.00,https://diwanegypt.com/wp-content/uploads/2024/07/9780751579956-450x600.jpg
Women Who Think Too Much: How to break free of overthinking,EGP980.00,https://diwanegypt.com/wp-content/uploads/2024/07/9780749924812-450x600.jpg
The Great Goddess Oracle,"EGP2,150.00",https://diwanegypt.com/wp-content/uploads/2024/07/9780738779065-450x600.jpg
Oracle of the Sacred Horse,"EGP1,890.00",https://diwanegypt.com/wp-content/uploads/2024/07/9780738776484-450x600.jpg
Dia de los Muertos Oracle: Wisdom from the Departed Beloved,"EGP1,890.00",https://diwanegypt.com/wp-content/uploads/2024/07/9780738776125-450x600.jpg
"Everyday Witch’s Familiars Oracle (Everyday Witch Tarot, 4)","EGP1,630.00",https://diwanegypt.com/wp-content/uploads/2024/07/9780738773469-450x600.jpg
Bee Tarot,"EGP1,980.00",https://diwanegypt.com/wp-content/uploads/2024/07/9780738769981-450x600.jpg
Tarot of the Owls (Tarot of the Owls 1),"EGP2,085.00",https://diwanegypt.com/wp-content/uploads/2024/07/9780738768212-450x600.jpg
Playing Card Divination: Every Card Tells a Story,"EGP1,175.00",https://diwanegypt.com/wp-content/uploads/2024/07/9780738764900-450x600.jpg
"Collecting Art for Love, Money and More","EGP1,730.00",https://diwanegypt.com/wp-content/uploads/2022/02/9780714849775-450x600.jpg
"It’s Not How Good You Are, It’s How Good You Want to Be",EGP755.00,https://diwanegypt.com/wp-content/uploads/2024/07/9780714843377-450x600.jpg
Cairo: The City Victorious,"EGP1,110.00",https://diwanegypt.com/wp-content/uploads/2024/07/9780679767275-450x600.jpg
Large Print Puzzle: Word Search,EGP380.00,https://diwanegypt.com/wp-content/uploads/2024/07/9780655217343-450x600.jpg
Ultimate Sudoku Puzzles: Sudoku – Large Print,EGP380.00,https://diwanegypt.com/wp-content/uploads/2024/07/9780655217336-450x600.jpg
Next 1: Next of Kin,EGP820.00,https://diwanegypt.com/wp-content/uploads/2024/07/9780593872109-450x600.jpg
"Unlearning Silence: How to Speak Your Mind, Unleash Talent,","EGP1,370.00",https://diwanegypt.com/wp-content/uploads/2024/07/9780593832233-450x600.jpg
Nightwatching,"EGP1,175.00",https://diwanegypt.com/wp-content/uploads/2024/07/9780593832219-450x600.jpg
The Hunter,"EGP1,020.00",https://diwanegypt.com/wp-content/uploads/2024/07/9780593831243-450x600.jpg
Happy Place,EGP820.00,https://diwanegypt.com/wp-content/uploads/2024/07/9780593817704-450x600.jpg
Funny Story,"EGP1,175.00",https://diwanegypt.com/wp-content/uploads/2024/07/9780593816486-450x600.jpg
The Performance Paradox: Turning the Power of Mindset into A,"EGP1,130.00",https://diwanegypt.com/wp-content/uploads/2024/07/9780593725245-450x600.jpg
"The Myth of Normal: Trauma, Illness, and Healing in a Toxic",EGP915.00,https://diwanegypt.com/wp-content/uploads/2024/07/9780593715123-450x600.jpg
The Boys from Biloxi,EGP590.00,https://diwanegypt.com/wp-content/uploads/2024/07/9780593685662-450x600.jpg
Ready or Not,EGP915.00,https://diwanegypt.com/wp-content/uploads/2024/07/9780593595718-450x600.jpg
How to ADHD: An Insider’s Guide to Working with Your Brain (,"EGP1,565.00",https://diwanegypt.com/wp-content/uploads/2024/07/9780593578940-450x600.jpg
Klara and the Sun,EGP655.00,https://diwanegypt.com/wp-content/uploads/2024/07/9780593468494-450x600.jpg
The Love of My Life,"EGP1,020.00",https://diwanegypt.com/wp-content/uploads/2024/07/9780593297018-450x600.jpg
The Uninhabitable Earth: Life After Warming,EGP590.00,https://diwanegypt.com/wp-content/uploads/2024/07/9780593236680-450x600.jpg
Ready Player One 1: Ready Player One,EGP655.00,https://diwanegypt.com/wp-content/uploads/2024/07/9780525574347-450x600.jpg
Born a crime,EGP785.00,https://diwanegypt.com/wp-content/uploads/2024/07/9780525509028-450x600.jpg
Cities: Lies and Weddings,"EGP1,305.00",https://diwanegypt.com/wp-content/uploads/2024/07/9780385546379-450x600.jpg
Artefacts of Ouranos 1: Trial of the Sun Queen,EGP755.00,https://diwanegypt.com/wp-content/uploads/2024/07/9780356523378-450x600.jpg
The Shepherd King 2: Two Twisted Crowns,EGP830.00,https://diwanegypt.com/wp-content/uploads/2024/07/9780356519500-450x600.jpg
The Shepherd King 1: One Dark Window,EGP830.00,https://diwanegypt.com/wp-content/uploads/2024/07/9780356519494-450x600.jpg
Wheel Of Time 1: The Eye Of The World,EGP755.00,https://diwanegypt.com/wp-content/uploads/2024/07/9780356517001-450x600.jpg
The House of Eve,EGP755.00,https://diwanegypt.com/wp-content/uploads/2024/07/9780349704128-450x600.jpg
The Vanishing Half,EGP755.00,https://diwanegypt.com/wp-content/uploads/2024/07/9780349701479-450x600.jpg
Rose Hill 1: Wild Love,EGP755.00,https://diwanegypt.com/wp-content/uploads/2024/07/9780349441634-450x600.jpg
Off-Campus 3: The Score,EGP755.00,https://diwanegypt.com/wp-content/uploads/2024/07/9780349440927-450x600.jpg
Off-Campus 2: The Mistake,EGP755.00,https://diwanegypt.com/wp-content/uploads/2024/07/9780349440859-450x600.jpg
Off-Campus 1: The Deal,EGP755.00,https://diwanegypt.com/wp-content/uploads/2024/07/9780349440842-450x600.jpg
The summer 3: The Summer You Found Me,EGP755.00,https://diwanegypt.com/wp-content/uploads/2024/07/9780349440774-450x600.jpg
The Summer 1: The Summer We Fell,EGP755.00,https://diwanegypt.com/wp-content/uploads/2024/07/9780349440682-450x600.jpg
The Devils 1: A Deal with the Devil,EGP755.00,https://diwanegypt.com/wp-content/uploads/2024/07/9780349440668-450x600.webp
Paradise Problem,EGP755.00,https://diwanegypt.com/wp-content/uploads/2024/07/9780349440415-450x600.jpg
Campus Diaries 1: The Graham Effect,EGP755.00,https://diwanegypt.com/wp-content/uploads/2024/07/9780349439501-450x600.jpg
Boys of Tommen 5 :Taming 7,EGP830.00,https://diwanegypt.com/wp-content/uploads/2024/07/9780349439358-450x600.jpg
Boys of Tommen 4: Redeeming 6,EGP830.00,https://diwanegypt.com/wp-content/uploads/2024/07/9780349439303-450x600.jpg
Boys of Tommen 3: Saving 6,EGP830.00,https://diwanegypt.com/wp-content/uploads/2024/07/9780349439280-450x600.jpg
Boys of Tommen 2: Keeping 13,EGP830.00,https://diwanegypt.com/wp-content/uploads/2024/07/9780349439273-450x600.jpg
Boys of Tommen 1: Binding 13,EGP830.00,https://diwanegypt.com/wp-content/uploads/2024/07/9780349439259-450x600.jpg
If Love 4: If We Were Perfect,EGP755.00,https://diwanegypt.com/wp-content/uploads/2024/07/9780349438382-450x600.jpg
If Love 3: If Love Had A Price,EGP755.00,https://diwanegypt.com/wp-content/uploads/2024/07/9780349438368-450x600.jpg
If Love 2: If the Sun Never Sets,EGP755.00,https://diwanegypt.com/wp-content/uploads/2024/07/9780349438344-450x600.jpg
If Love 1: If We Ever Meet Again,EGP755.00,https://diwanegypt.com/wp-content/uploads/2024/07/9780349438337-450x600.jpg
Kings of Sin 4: King of Sloth,EGP755.00,https://diwanegypt.com/wp-content/uploads/2024/07/9780349436371-450x600.jpg
Girl Abroad,EGP755.00,https://diwanegypt.com/wp-content/uploads/2024/07/9780349434957-450x600.jpg
Identity,EGP755.00,https://diwanegypt.com/wp-content/uploads/2024/07/9780349433943-450x600.jpg
Long Walk To Freedom,EGP980.00,https://diwanegypt.com/wp-content/uploads/2024/07/9780349106533-450x600.jpg
Rebecca,EGP755.00,https://diwanegypt.com/wp-content/uploads/2024/07/9780349006574-450x600.jpg
"Hitchhiker’s Guide to the Galaxy 4: So Long, and Thanks for",EGP580.00,https://diwanegypt.com/wp-content/uploads/2024/07/9780345391834-450x600.jpg
The Art of Invisibility: The World’s Most Famous Hacker Teac,"EGP1,205.00",https://diwanegypt.com/wp-content/uploads/2024/07/9780316380522-450x600.jpg
Happy Place,EGP755.00,https://diwanegypt.com/wp-content/uploads/2024/07/9780241995365-450x600.jpg
Book Lovers,EGP680.00,https://diwanegypt.com/wp-content/uploads/2024/07/9780241995341-450x600.jpg
Thursday Murder Club 4: The Last Devil To Die,EGP755.00,https://diwanegypt.com/wp-content/uploads/2024/07/9780241992401-450x600.jpg
You and Me on Vacation,EGP680.00,https://diwanegypt.com/wp-content/uploads/2024/07/9780241992234-450x600.jpg
Inheritance Games 4: The Brothers Hawthorne,EGP680.00,https://diwanegypt.com/wp-content/uploads/2024/07/9780241638477-450x600.jpg
When Things Don’t Go Your Way: Zen Wisdom for Difficult Time,"EGP1,130.00",https://diwanegypt.com/wp-content/uploads/2024/07/9780241457290-450x600.jpg
Maktub,"EGP1,045.00",https://diwanegypt.com/wp-content/uploads/2024/07/9780063346543-450x600.jpg
The Hurricane Wars 1: The Hurricane Wars,"EGP1,110.00",https://diwanegypt.com/wp-content/uploads/2024/07/9780063344808-450x600.jpg
How to End a Love Story,EGP785.00,https://diwanegypt.com/wp-content/uploads/2024/07/9780063310681-450x600.jpg
Big Shots 1: Fangirl Down,"EGP1,240.00",https://diwanegypt.com/wp-content/uploads/2024/07/9780063308367-450x600.jpg
Finding Me,"EGP1,175.00",https://diwanegypt.com/wp-content/uploads/2024/07/9780063037366-450x600.jpg
Chicago,"EGP1,110.00",https://diwanegypt.com/wp-content/uploads/2024/07/9780061452581-450x600.jpg
The White Nile,"EGP1,240.00",https://diwanegypt.com/wp-content/uploads/2024/07/9780060956394-450x600.jpg
Hate Mail,EGP755.00,https://diwanegypt.com/wp-content/uploads/2024/07/9780008654672-450x600.jpg
Yellowface,EGP755.00,https://diwanegypt.com/wp-content/uploads/2024/07/9780008532819-450x600.jpg
The Yacoubian Building,EGP755.00,https://diwanegypt.com/wp-content/uploads/2024/07/9780007243624-450x600.jpg
Eco Materials: Decorating with Ecological Materials,"EGP1,505.00",https://diwanegypt.com/wp-content/uploads/2024/07/9783961715015-450x600.jpg
Boho Style: Bohemian Home Inspiration,"EGP1,505.00",https://diwanegypt.com/wp-content/uploads/2024/07/9783961715008-450x600.jpg
Colors: Colorful Home Inspiration,"EGP1,505.00",https://diwanegypt.com/wp-content/uploads/2024/07/9783961714506-450x600.jpg
Scandi Style: Scandinavian Home Inspiration,"EGP1,505.00",https://diwanegypt.com/wp-content/uploads/2024/07/9783961714490-450x600.jpg
Knife: Meditations After an Attempted Murder,"EGP1,505.00",https://diwanegypt.com/wp-content/uploads/2024/07/9781787334793-450x600.webp
"The Myth Of Normal: Illness, Health & Healing in a Toxic Cul",EGP830.00,https://diwanegypt.com/wp-content/uploads/2024/07/9781785042737-450x600.jpg
"The Wren, The Wren",EGP755.00,https://diwanegypt.com/wp-content/uploads/2024/07/9781529922905-scaled-450x600.webp
Enter Ghost,EGP755.00,https://diwanegypt.com/wp-content/uploads/2024/07/9781529919998-450x600.webp
Only Love Can Hurt Like This,EGP755.00,https://diwanegypt.com/wp-content/uploads/2024/07/9781529157901-450x600.jpg
One Day,EGP755.00,https://diwanegypt.com/wp-content/uploads/2024/07/9781399728621-450x600.webp
Unstressable: A Practical Guide to Stress-Free Living,"EGP1,280.00",https://diwanegypt.com/wp-content/uploads/2024/07/9781035022724-450x600.jpg
Soldier Sailor,EGP755.00,https://diwanegypt.com/wp-content/uploads/2024/07/9780571375578-450x600.jpg
Just For The Summer,EGP755.00,https://diwanegypt.com/wp-content/uploads/2024/07/9780349433844-1-450x600.webp
Brotherless Night,EGP755.00,https://diwanegypt.com/wp-content/uploads/2024/07/9780241997673-450x600.jpg
The Anxious Generation: How the Great Rewiring of Childhood,"EGP1,880.00",https://diwanegypt.com/wp-content/uploads/2024/07/9780241647660-450x600.jpg
A Concise Chinese-English Dictionary For Lovers,EGP755.00,https://diwanegypt.com/wp-content/uploads/2024/07/9780099501473-450x600.jpg
Cutting For Stone,EGP830.00,https://diwanegypt.com/wp-content/uploads/2024/07/9780099443636-450x600.jpg
Blue Sisters,"EGP1,130.00",https://diwanegypt.com/wp-content/uploads/2024/07/9780008623005-450x600.jpg
A Woman Is No Man,EGP755.00,https://diwanegypt.com/wp-content/uploads/2024/07/9780008341060-450x600.jpg
"The Science Of Storytelling: Why Stories Make Us Human, And",EGP830.00,https://diwanegypt.com/wp-content/uploads/2024/07/9780008276973-450x600.jpg
Mindset to Startup: The mindset and tools you need to create a value centric business,"EGP1,300.00",https://diwanegypt.com/wp-content/uploads/2024/05/9789063697143-450x600.jpg
Persian Beauty: An Adult Colouring Book,EGP0.00,https://diwanegypt.com/wp-content/uploads/2024/05/9789775015303-450x600.jpg
"America, Islam, and the War of Ideas: Reflections in a Blood",EGP250.00,https://diwanegypt.com/wp-content/uploads/2024/05/9789774249983-450x600.jpg
Cultural Dynamics in Contemporary Egypt: Cairo Papers in Soc,EGP200.00,https://diwanegypt.com/wp-content/uploads/2024/05/9789774249822-450x600.jpg
"Christians in Egypt: Orthodox, Catholic, and Protestant Comm",EGP400.00,https://diwanegypt.com/wp-content/uploads/2024/05/9789774249730-450x600.jpg
Nubian Ceremonial Life: Studies in Islamic Syncretism and Cu,EGP300.00,https://diwanegypt.com/wp-content/uploads/2024/05/9789774249556-450x600.jpg
The Heron,EGP100.00,https://diwanegypt.com/wp-content/uploads/2024/05/9789774249297-450x600.jpg
Christianity and Monasticism in the Fayoum Oasis: Essays fro,EGP750.00,https://diwanegypt.com/wp-content/uploads/2024/05/9789774248924-450x600.jpg
Tiller of Waters,EGP150.00,https://diwanegypt.com/wp-content/uploads/2024/05/9789774248634-450x600.jpg
Zaat,EGP150.00,https://diwanegypt.com/wp-content/uploads/2024/05/9789774248443-450x600.jpg
Women’s Perceptions of Environmental Change in Egypt: Cairo,EGP200.00,https://diwanegypt.com/wp-content/uploads/2024/05/9789774246302-450x600.jpg
"Egyptian Encounters: Cairo Papers in Social Science Vol. 23,",EGP200.00,https://diwanegypt.com/wp-content/uploads/2024/05/9789774246296-450x600.jpg
The Art of Reciting the Qur’an,EGP250.00,https://diwanegypt.com/wp-content/uploads/2024/05/9789774245947-450x600.jpg
"In the House of Muhammad Ali: A Family Album, 1805–1952",EGP400.00,https://diwanegypt.com/wp-content/uploads/2024/05/9789774245541-450x600.jpg
Twenty Years of Development in Egypt (1977-1997) 1: Cairo Pa,EGP200.00,https://diwanegypt.com/wp-content/uploads/2024/05/9789774245138-450x600.jpg
Turkish Foreign Policy During the Gulf War of 1990-91: Cairo,EGP200.00,https://diwanegypt.com/wp-content/uploads/2024/05/9789774245060-450x600.jpg
Bounded Knowledge: Doctoral Studies in Egypt,"EGP2,100.00",https://diwanegypt.com/wp-content/uploads/2024/05/9789774169861-450x600.jpg
The Early Coptic Papacy: Egyptian Church and Its Leadership,EGP550.00,https://diwanegypt.com/wp-content/uploads/2024/05/9789774168345-450x600.jpg
"Christianity and Monasticism in Northern Egypt: Beni Suef, G",EGP750.00,https://diwanegypt.com/wp-content/uploads/2024/05/9789774167775-450x600.jpg
The Oslo Accords 1993–2013: A Critical Assessment,EGP500.00,https://diwanegypt.com/wp-content/uploads/2024/05/9789774167706-450x600.jpg
The Scarecrow,EGP150.00,https://diwanegypt.com/wp-content/uploads/2024/05/9789774167447-450x600.jpg
The Scents of Marie-Claire,EGP150.00,https://diwanegypt.com/wp-content/uploads/2024/05/9789774167409-450x600.jpg
Gold Dust,EGP150.00,https://diwanegypt.com/wp-content/uploads/2024/05/9789774167393-450x600.jpg
Like a Summer Never to Be Repeated,EGP150.00,https://diwanegypt.com/wp-content/uploads/2024/05/9789774167355-450x600.jpg
"Anthropology in Egypt, 1900–67: Culture, Function, and Refor",EGP200.00,https://diwanegypt.com/wp-content/uploads/2024/05/9789774166853-450x600.jpg
The Church in the Square: Negotiations of Religion and Revol,EGP200.00,https://diwanegypt.com/wp-content/uploads/2024/05/9789774166846-450x600.jpg
Wedding Night: An Egyptian Novel,EGP150.00,https://diwanegypt.com/wp-content/uploads/2024/05/9789774166839-450x600.jpg
Christianity and Monasticism in Middle Egypt: Minya and Asyu,EGP750.00,https://diwanegypt.com/wp-content/uploads/2024/05/9789774166631-450x600.jpg
"Negotiating Space: The Evolution of the Egyptian Street, 200",EGP200.00,https://diwanegypt.com/wp-content/uploads/2024/05/9789774166570-450x600.jpg
"Masculinities in Egypt and the Arab World: Historical, Liter",EGP200.00,https://diwanegypt.com/wp-content/uploads/2024/05/9789774166563-450x600.jpg
Sustainability and Innovation: The Next Global Industrial Re,EGP550.00,https://diwanegypt.com/wp-content/uploads/2024/05/9789774166471-450x600.jpg
Femininity and Dance in Egypt: Embodiment and Meaning in al-,EGP200.00,https://diwanegypt.com/wp-content/uploads/2024/05/9789774165931-450x600.jpg
Life on Hold: A Saudi Arabian Novel,EGP150.00,https://diwanegypt.com/wp-content/uploads/2024/05/9789774165665-450x600.jpg
Planning Egypt’s New Settlements: The Politics of Spatial In,EGP200.00,https://diwanegypt.com/wp-content/uploads/2024/05/9789774165344-450x600.jpg
Agrarian Transformation in the Arab World: Persistent and Em,EGP200.00,https://diwanegypt.com/wp-content/uploads/2024/05/9789774165306-450x600.jpg
Visual Productions of Knowledge: Toward a Different Middle E,EGP200.00,https://diwanegypt.com/wp-content/uploads/2024/05/9789774165092-450x600.jpg
Brooklyn Heights,EGP150.00,https://diwanegypt.com/wp-content/uploads/2024/05/9789774164880-450x600.jpg
The Traveler and the Innkeeper,EGP150.00,https://diwanegypt.com/wp-content/uploads/2024/05/9789774164620-450x600.jpg
The Farthest Place: Social Boundaries in an Egyptian Desert,EGP200.00,https://diwanegypt.com/wp-content/uploads/2024/05/9789774164095-450x600.jpg
The New York Egyptians: Voyages and Dreams: Cairo Papers in,EGP200.00,https://diwanegypt.com/wp-content/uploads/2024/05/9789774164088-450x600.jpg
The Experience of Protest: Masculinity and Agency Among Suda,EGP200.00,https://diwanegypt.com/wp-content/uploads/2024/05/9789774163623-450x600.jpg
Child Protection Policies in Egypt: A Rights-Based Approach:,EGP200.00,https://diwanegypt.com/wp-content/uploads/2024/05/9789774163616-450x600.jpg
The Foreign Policies of Arab States: The Challenge of Global,EGP250.00,https://diwanegypt.com/wp-content/uploads/2024/05/9789774163609-450x600.jpg
"Coptic Identity and Ayyubid Politics in Egypt, 1218–1250",EGP500.00,https://diwanegypt.com/wp-content/uploads/2024/05/9789774163456-450x600.jpg
Saint Theresa and Sleeping with Strangers: Two Modern Arabic,EGP150.00,https://diwanegypt.com/wp-content/uploads/2024/05/9789774163401-450x600.jpg
Hajj,EGP650.00,https://diwanegypt.com/wp-content/uploads/2024/05/9789774163180-450x600.jpg
Christianity and Monasticism in Upper Egypt (Vol. 2): Nag Ha,EGP750.00,https://diwanegypt.com/wp-content/uploads/2024/05/9789774163111-450x600.jpg
Muntaha,EGP150.00,https://diwanegypt.com/wp-content/uploads/2024/05/9789774162534-450x600.jpg
The Polymath,EGP150.00,https://diwanegypt.com/wp-content/uploads/2024/05/9789774162527-450x600.jpg
The Theocrat,EGP150.00,https://diwanegypt.com/wp-content/uploads/2024/05/9789774162510-450x600.jpg
Clamor of the Lake,EGP150.00,https://diwanegypt.com/wp-content/uploads/2024/05/9789774162411-450x600.jpg
The Loved Ones,EGP150.00,https://diwanegypt.com/wp-content/uploads/2024/05/9789774162084-450x600.jpg
Political and Social Protest in Egypt: Cairo Papers in Socia,EGP200.00,https://diwanegypt.com/wp-content/uploads/2024/05/9789774162008-450x600.jpg
Heads Ripe for Plucking,EGP150.00,https://diwanegypt.com/wp-content/uploads/2024/05/9789774161889-450x600.jpg
Roses in Salty Soil: Women and Depression in Egypt Today: Ca,EGP200.00,https://diwanegypt.com/wp-content/uploads/2024/05/9789774161858-450x600.jpg
"Crossing Borders, Shifting Boundaries: Palestinian Dilemmas:",EGP200.00,https://diwanegypt.com/wp-content/uploads/2024/05/9789774161841-450x600.jpg
The Final Bet,EGP150.00,https://diwanegypt.com/wp-content/uploads/2024/05/9789774161506-450x600.jpg
Linguistics in an Age of Globalization: Perspectives on Arab,EGP250.00,https://diwanegypt.com/wp-content/uploads/2024/05/9789774161490-450x600.jpg
Final Night (Short Stories),EGP150.00,https://diwanegypt.com/wp-content/uploads/2024/05/9789774161155-450x600.jpg
The Man from Bashmour,EGP150.00,https://diwanegypt.com/wp-content/uploads/2024/05/9789774161094-450x600.jpg
The Long Way Back,EGP150.00,https://diwanegypt.com/wp-content/uploads/2024/05/9789774160929-450x600.jpg
Visionaries of Silence: The Reformist Sufi Order of the Demi,EGP200.00,https://diwanegypt.com/wp-content/uploads/2024/05/9789774160899-450x600.jpg
Creating Families Across Boundaries: A Case Study of Romania,EGP200.00,https://diwanegypt.com/wp-content/uploads/2024/05/9789774160790-450x600.jpg
Pioneering Feminist Anthropology in Egypt: Selected Writings,EGP200.00,https://diwanegypt.com/wp-content/uploads/2024/05/9789774160783-450x600.jpg
Mishkah: Egyptian Journal of Islamic Archaeology. Volume 1,EGP300.00,https://diwanegypt.com/wp-content/uploads/2024/05/9789773059101-450x600.jpg
Uffizi & Pitti: From Giotto to Caravaggio,"EGP2,100.00",https://diwanegypt.com/wp-content/uploads/2024/05/9788870572803-450x600.jpg
Moving Pictures Painted: 200 Posters From The Golden Age of Egyptian Cenima,"EGP2,600.00",https://diwanegypt.com/wp-content/uploads/2024/05/9781916412187-450x600.jpg
What I’d Rather not Think About,EGP685.00,https://diwanegypt.com/wp-content/uploads/2024/05/9781914484711-450x600.jpg
Bethlehem in Palastina: The 1840s Travelogue of a Visitor to,"EGP2,630.00",https://diwanegypt.com/wp-content/uploads/2024/05/9781914325281-450x600.jpg
"Nazis on the Nile: The German Military Advisers in Egypt, 19","EGP1,500.00",https://diwanegypt.com/wp-content/uploads/2024/05/9781914325229-450x600.jpg
"Effendina: The Story of the Young King Farouk of Egypt, 1920","EGP2,210.00",https://diwanegypt.com/wp-content/uploads/2024/05/9781914325113-450x600.jpg
The Tunisia Cookbook: A Celebration of Healthy Red Cuisine f,"EGP2,210.00",https://diwanegypt.com/wp-content/uploads/2024/05/9781914325083-450x600.jpg
Nakba: The Struggle to Decolonize Israel,"EGP1,880.00",https://diwanegypt.com/wp-content/uploads/2024/05/9781914325069-450x600.jpg
Alexandria Adieu: A Personal History: 1939-1960,"EGP2,060.00",https://diwanegypt.com/wp-content/uploads/2024/05/9781914325007-450x600.jpg
Underwater Guide to: The Red Sea: The best diving & snorkell,"EGP1,120.00",https://diwanegypt.com/wp-content/uploads/2024/05/9781913679361-450x600.jpg
Stanfords Travel Classics: Travels in Egypt and Nubia,"EGP1,270.00",https://diwanegypt.com/wp-content/uploads/2024/05/9781912081301-450x600.jpg
The Milk of Lions: A History of Alcohol in the Middle East,"EGP1,500.00",https://diwanegypt.com/wp-content/uploads/2024/05/9781908531933-450x600.jpg
Tears of Bacchus: ​A History of Wine in the Arab World,"EGP1,880.00",https://diwanegypt.com/wp-content/uploads/2024/05/9781908531834-450x600.jpg
Information Warriors: The Battle for Hearts and Minds in the,"EGP1,500.00",https://diwanegypt.com/wp-content/uploads/2024/05/9781908531650-450x600.jpg
"Jerusalem, Palestine & Jordan: In the Archives of Hisham Kha","EGP2,630.00",https://diwanegypt.com/wp-content/uploads/2024/05/9781908531094-450x600.jpg
Globetrotter: The Best of Cairo and Luxor,EGP200.00,https://diwanegypt.com/wp-content/uploads/2024/05/9781845378356.jpg
Crooked Plow,EGP830.00,https://diwanegypt.com/wp-content/uploads/2024/05/9781839766404-450x600.jpg
Ancient Egyptian Hieroglyphs Illustrated: A Formal Writing S,"EGP2,400.00",https://diwanegypt.com/wp-content/uploads/2024/05/9781838863234-450x600.jpg
The Egyptian Book of the Dead (The Papyrus of Ani – 1240 BC),"EGP1,870.00",https://diwanegypt.com/wp-content/uploads/2024/05/9781838861957-450x600.jpg
The Rooted Woman Oracle: A 53-Card Deck and Guidebook,"EGP1,335.00",https://diwanegypt.com/wp-content/uploads/2024/05/9781788179539-450x600.jpg
Manifesting with the Fairies: A 44-Card Oracle and Guidebook,"EGP1,355.00",https://diwanegypt.com/wp-content/uploads/2024/05/9781788179188-450x600.jpg
"Code Red: Know Your Flow, Unlock Your Superpowers, and Creat","EGP1,130.00",https://diwanegypt.com/wp-content/uploads/2024/05/9781788174756-450x600.jpg
The House On Via Gemito,"EGP1,205.00",https://diwanegypt.com/wp-content/uploads/2024/05/9781787704534-450x600.jpg
Kairos,EGP755.00,https://diwanegypt.com/wp-content/uploads/2024/05/9781783786138-450x600.jpg
On Grief and Grieving: Finding the Meaning of Grief Through,EGP980.00,https://diwanegypt.com/wp-content/uploads/2024/05/9781471139888-450x600.jpg
Animal Guides Tarot: A 78-Card Deck and Guidebook,"EGP1,655.00",https://diwanegypt.com/wp-content/uploads/2024/05/9781401975166-450x600.jpg
Louise Hay’s Affirmations for Forgiveness: A 12-Card Deck to,EGP630.00,https://diwanegypt.com/wp-content/uploads/2024/05/9781401974619-450x600.jpg
Louise Hay’s Affirmations for Self-Esteem: A 12-Card Deck fo,EGP630.00,https://diwanegypt.com/wp-content/uploads/2024/05/9781401974442-450x600.jpg
Inner Child Oracle: A 44-Card Deck and Guidebook to Heal You,"EGP1,205.00",https://diwanegypt.com/wp-content/uploads/2024/05/9781401973773-450x600.jpg
Mystical Shaman Pocket Oracle Cards,EGP880.00,https://diwanegypt.com/wp-content/uploads/2024/05/9781401973674-450x600.jpg
Black Goddess Within Oracle: A 44-Card Deck and Guidebook,"EGP1,355.00",https://diwanegypt.com/wp-content/uploads/2024/05/9781401973223-450x600.jpg
Crystal Ball Pocket Oracle: A 13-Card Deck and Guidebook,EGP680.00,https://diwanegypt.com/wp-content/uploads/2024/05/9781401972578-450x600.jpg
The Letting Go Deck: 44 Inspirational Cards to Experience th,"EGP1,205.00",https://diwanegypt.com/wp-content/uploads/2024/05/9781401971731-450x600.jpg
Grimalkin’s Curious Cats Tarot: An 80-Card Deck and Guideboo,"EGP1,540.00",https://diwanegypt.com/wp-content/uploads/2024/05/9781401970697-450x600.jpg
Catwalk The Complete Collections: Versace Catwalk,"EGP3,900.00",https://diwanegypt.com/wp-content/uploads/2024/05/9780500025567-450x600.jpg
Into The Wild,EGP715.00,https://diwanegypt.com/wp-content/uploads/2024/05/9780330351690-450x600.jpg
"Caliban and the Witch: Women, the Body and Primitive Accumul",EGP830.00,https://diwanegypt.com/wp-content/uploads/2024/05/9780241532539-450x600.jpg
The Climate Book,"EGP1,540.00",https://diwanegypt.com/wp-content/uploads/2024/05/9780141999043-450x600.jpg
Naguib Mahfouz Centennial Library: Celebrating One Hundred Y,"EGP6,500.00",https://diwanegypt.com/wp-content/uploads/2024/05/9789774165030-450x600.jpg
Memorial Drive,EGP755.00,https://diwanegypt.com/wp-content/uploads/2024/05/9781408840207-450x600.jpg
KV5: A Preliminary Report on the Excavation of the Tomb of t,EGP850.00,https://diwanegypt.com/wp-content/uploads/2024/05/9789774249518-450x600.jpg
Encyclopedia of Arab Women Filmmakers,EGP400.00,https://diwanegypt.com/wp-content/uploads/2024/05/9789774249433-450x600.jpg
The Library of Alexandria: Center of Learning in the Ancient,EGP400.00,https://diwanegypt.com/wp-content/uploads/2024/05/9789774247101-450x600.jpg
Munira’s Bottle: A Saudi Arabian Novel,EGP150.00,https://diwanegypt.com/wp-content/uploads/2024/05/9789774166396-450x600.webp
Last Lecture,EGP540.00,https://diwanegypt.com/wp-content/uploads/2024/05/9786010013255-450x600.jpg
Year of Magical Thinking,EGP915.00,https://diwanegypt.com/wp-content/uploads/2024/05/9786009992638-450x600.jpg
Upper Intermediate Arabic through Discussion: 20 Lessons on,EGP850.00,https://diwanegypt.com/wp-content/uploads/2024/05/9781649032669-450x600.jpg
Welcome To The Hyunam-Dong Bookshop,EGP945.00,https://diwanegypt.com/wp-content/uploads/2024/05/9781526662262-450x600.jpg
Plants Of The Qur’an: History & Culture,"EGP1,750.00",https://diwanegypt.com/wp-content/uploads/2024/05/9781842467176-450x600.jpg
Coffee Art Masterclass: 50 incredible coffee designs for the,EGP980.00,https://diwanegypt.com/wp-content/uploads/2024/05/9781788404648-450x600.jpg
Kyiv Mysteries 1: The Silver Bone,"EGP1,505.00",https://diwanegypt.com/wp-content/uploads/2024/05/9781529426496-450x600.webp
"Joy Of Cooking: 600 New Recipes, More than 4000 Favorites","EGP2,255.00",https://diwanegypt.com/wp-content/uploads/2024/05/9781501169717-450x600.jpg
You Are Here,"EGP1,130.00",https://diwanegypt.com/wp-content/uploads/2024/05/9781444715453-450x600.jpg
The Details,EGP830.00,https://diwanegypt.com/wp-content/uploads/2024/05/9781035400584-450x600.jpg
Lost on Me,EGP830.00,https://diwanegypt.com/wp-content/uploads/2024/05/9780349017693-450x600.jpg
In Cold Blood: A True Account of a Multiple Murder and its Cold Blood,EGP755.00,https://diwanegypt.com/wp-content/uploads/2024/05/9780141182575-450x600.jpg
H Is For Hawk,EGP830.00,https://diwanegypt.com/wp-content/uploads/2024/05/9780099575450-450x600.jpg
Why Be Happy When You Could Be Normal?,EGP755.00,https://diwanegypt.com/wp-content/uploads/2024/05/9780099556091-450x600.jpg
Morning and Evening Talk,EGP200.00,https://diwanegypt.com/wp-content/uploads/2024/05/9789774160998-450x600.jpg
The Emotion Code: How to Release Your Trapped Emotions for A,"EGP1,430.00",https://diwanegypt.com/wp-content/uploads/2024/05/9781785042874-450x600.jpg
I Want To Die But I Want To Eat Tteokbokki,EGP750.00,https://diwanegypt.com/wp-content/uploads/2024/05/9781526648099-450x600.jpg
I Promise It Won’t Always Hurt Like This: 18 Assurances on Grief,"EGP1,430.00",https://diwanegypt.com/wp-content/uploads/2024/05/9780751584981-450x600.jpg
My Friends,"EGP1,130.00",https://diwanegypt.com/wp-content/uploads/2024/05/9780241409497-450x600.jpg
The Fury,"EGP1,130.00",https://diwanegypt.com/wp-content/uploads/2024/05/9780241575543-450x600.webp
Break The Cycle: A Guide to Healing Intergenerational Trauma,"EGP1,280.00",https://diwanegypt.com/wp-content/uploads/2024/05/9781785044281-450x600.webp
The Body Code: Unlocking your body’s ability to heal itself,"EGP1,880.00",https://diwanegypt.com/wp-content/uploads/2024/05/9781785044038-450x600.jpg
Hold on to Your Kids: Why Parents Need to Matter More Than P,EGP980.00,https://diwanegypt.com/wp-content/uploads/2024/05/9781785042195-450x600.jpg
Things We Do Not Tell The People We Love,EGP755.00,https://diwanegypt.com/wp-content/uploads/2024/05/9781529368697-450x600.jpg
The Stormlight Archive 4: Rhythm Of War,EGP980.00,https://diwanegypt.com/wp-content/uploads/2024/05/9781399622097-450x600.jpg
Shogun,EGP980.00,https://diwanegypt.com/wp-content/uploads/2024/05/9780340766163-450x600.jpg
The Trading Game (A Confession),"EGP1,280.00",https://diwanegypt.com/wp-content/uploads/2024/05/9780241688274-450x600.jpg
Pachinko,EGP755.00,https://diwanegypt.com/wp-content/uploads/2024/05/9781838930509-450x600.jpg
15 Minute Arabic: Learn in Just 12 Weeks (15 Minute Language,EGP755.00,https://diwanegypt.com/wp-content/uploads/2024/05/9780241631621-442x600.jpg
Better Than The Movies,EGP680.00,https://diwanegypt.com/wp-content/uploads/2024/05/9781398536517-450x600.jpg
The Wealth Money Can’t Buy: The 8 Hidden Habits to Live Your Richest Life,"EGP1,280.00",https://diwanegypt.com/wp-content/uploads/2024/05/9781846048296-450x600.jpg
Blood and Tea 1: A Tempest of Tea,EGP680.00,https://diwanegypt.com/wp-content/uploads/2024/05/9781529098945-450x600.jpg
Crescent City 3: House of Flame and Shadow,"EGP1,280.00",https://diwanegypt.com/wp-content/uploads/2024/05/9781526628237-450x600.jpg
The Empyrean 1: Fourth Wing,EGP830.00,https://diwanegypt.com/wp-content/uploads/2024/05/9780349437019-450x600.jpg
The Leadership Challenge: How to Make Extraordinary Things H,"EGP2,280.00",https://diwanegypt.com/wp-content/uploads/2024/05/9781119736127-450x600.jpg
The Intelligent Leader: Unlocking the 7 Secrets to Leading O,"EGP1,760.00",https://diwanegypt.com/wp-content/uploads/2024/05/9781119566243-450x600.jpg
"Predictive Analytics: The Power to Predict Who Will Click, B","EGP1,825.00",https://diwanegypt.com/wp-content/uploads/2024/05/9781119145677-450x600.jpg
Co-Intelligence: Living and Working with AI,"EGP1,280.00",https://diwanegypt.com/wp-content/uploads/2024/05/9780753560778-450x600.jpg
Unlocking Happiness at Work: How a Data-driven Happiness Str,"EGP1,305.00",https://diwanegypt.com/wp-content/uploads/2024/05/9780749478070-450x600.jpg
"The Truth about Leadership: The No-fads, Heart-of-the-Matter","EGP1,760.00",https://diwanegypt.com/wp-content/uploads/2024/05/9780470633540-450x600.jpg
Anna’s Egypt: An Artist’s Journey,EGP400.00,https://diwanegypt.com/wp-content/uploads/2024/05/9789774247248-450x600.jpg
Daughters of the Nile: Photographs of Egyptian Women’s Movem,EGP400.00,https://diwanegypt.com/wp-content/uploads/2024/05/9789774246029-450x600.jpg
Sinai and the Red Sea: Across the Land of the Bedouin to the Gulf of Aqaba,EGP300.00,https://diwanegypt.com/wp-content/uploads/2024/05/9789774244193-450x600.jpg
Music and Media in the Arab World,EGP500.00,https://diwanegypt.com/wp-content/uploads/2024/05/9789774162930-450x600.jpg
A Year In Art: A Painting A Day,"EGP1,355.00",https://diwanegypt.com/wp-content/uploads/2024/05/9783791389110-450x600.jpg
Catwalk The Complete Collections: Louis Vuitton Catwalk,"EGP4,505.00",https://diwanegypt.com/wp-content/uploads/2024/05/9780500519943-450x600.jpg
Catwalk The Complete Collections: Givenchy Catwalk,"EGP4,505.00",https://diwanegypt.com/wp-content/uploads/2024/05/9780500024904-450x600.jpg
Cartier And Islamic Art: In Search of Modernity,"EGP3,605.00",https://diwanegypt.com/wp-content/uploads/2024/05/9780500024799-450x600.jpg
Catwalk The Complete Collections: Vivienne Westwood Catwalk,"EGP4,505.00",https://diwanegypt.com/wp-content/uploads/2024/05/9780500023792-450x600.jpg
The World According to Coco: The Wit and Wisdom of Coco Chanel,EGP980.00,https://diwanegypt.com/wp-content/uploads/2024/05/9780500023488-450x600.jpg
Mystical Realm Tarot: 78 Cards & Guidebook,"EGP2,255.00",https://diwanegypt.com/wp-content/uploads/2024/05/9781925946567-450x600.jpg
Oracle Of The Witch: Reclaim Your Birthright,"EGP1,065.00",https://diwanegypt.com/wp-content/uploads/2024/05/9781925946208-450x600.jpg
Tarot Of The Sorceress: A Witch’s Wheel of the Year (78 card,"EGP1,620.00",https://diwanegypt.com/wp-content/uploads/2024/05/9781922785053-450x600.jpg
Moon Goddess Oracle: Sacred Feminine Wisdom,"EGP1,065.00",https://diwanegypt.com/wp-content/uploads/2024/05/9781922785039-450x600.jpg
Voice Of The Souls Oracle,"EGP1,270.00",https://diwanegypt.com/wp-content/uploads/2024/05/9781922579423-450x600.jpg
The Medicine Woman Oracle: Discover the archetypes of the di,"EGP1,065.00",https://diwanegypt.com/wp-content/uploads/2024/05/9781922579409-450x600.jpg
Dark Magick Oracle: Reveal The Light Within,"EGP1,270.00",https://diwanegypt.com/wp-content/uploads/2024/05/9781922579386-450x600.jpg
Ask The Witch: Tarot Wisdom from a Timeless Coven (78 Cards),"EGP1,505.00",https://diwanegypt.com/wp-content/uploads/2024/05/9781922579300-450x600.jpg
The Crystal Magic Tarot: Manifest your dreams with the power,"EGP1,335.00",https://diwanegypt.com/wp-content/uploads/2024/05/9781914317545-450x600.jpg
The Complete Arthurian Tarot: Includes Classic Deck,"EGP1,575.00",https://diwanegypt.com/wp-content/uploads/2024/05/9781838611286-450x600.jpg
Dream Ritual Oracle Cards: A 48-Card Deck and Guidebook,"EGP1,120.00",https://diwanegypt.com/wp-content/uploads/2024/05/9781801292672-450x600.jpg
The Druid Craft Tarot: Use the Magic of Wicca and Druidry to,"EGP1,820.00",https://diwanegypt.com/wp-content/uploads/2024/05/9781800691179-450x600.jpg
The Lost Tarot Of Nostradamus,"EGP1,750.00",https://diwanegypt.com/wp-content/uploads/2024/05/9781800690660-450x600.jpg
Signs of the Zodiac Card Deck: 50 Cards to Discover Your Celestial Path,EGP905.00,https://diwanegypt.com/wp-content/uploads/2024/05/9781648291678-450x600.jpg
1001 Dreams: The Complete Book of Dream Interpretations,"EGP1,505.00",https://diwanegypt.com/wp-content/uploads/2024/05/9781454948469-450x600.jpg
1001 Crystals: The Complete Book of Crystals for Every Purpose,"EGP1,505.00",https://diwanegypt.com/wp-content/uploads/2024/05/9781454945741-450x600.jpg
1001 Tarot Spreads: The Complete Book of Tarot Spreads for Every Purpose,"EGP1,335.00",https://diwanegypt.com/wp-content/uploads/2024/05/9781454942153-450x600.jpg
The Wild Unknown Pocket Archetypes Deck & Guidebook,"EGP1,010.00",https://diwanegypt.com/wp-content/uploads/2024/05/9780063335240-450x600.jpg
The Grieving Brain: The Surprising Science of How We Learn from love and loss,EGP980.00,https://diwanegypt.com/wp-content/uploads/2024/05/9780062946249-450x600.jpg
"Facing Codependence: What It Is, Where It Comes from, How It Sabotages our Lives",EGP980.00,https://diwanegypt.com/wp-content/uploads/2024/05/9780062505897-450x600.jpg
The Hard Thing About Hard Things: Building a Business,"EGP1,655.00",https://diwanegypt.com/wp-content/uploads/2024/05/9780062273208-450x600.jpg
The Reappearance of Rachel Price,EGP720.00,https://diwanegypt.com/wp-content/uploads/2024/05/9780008617264-450x600.jpg
The Lost Bookshop,EGP755.00,https://diwanegypt.com/wp-content/uploads/2024/05/9780008609214-450x600.jpg
Vera Wong’s Unsolicited Advice for Murderers,EGP755.00,https://diwanegypt.com/wp-content/uploads/2024/05/9780008558734-450x600.jpg
Omoiyari: The Japanese Art of Compassion,EGP980.00,https://diwanegypt.com/wp-content/uploads/2024/05/9780008407629-450x600.jpg
Winds of Winter: A Young Adult Multi-Genre Short Story Collection,EGP990.00,https://diwanegypt.com/wp-content/uploads/2024/05/winds-of-winter--450x600.jpg
The Korean Vegan Cookbook: Reflections and Recipes from Omma,"EGP2,100.00",https://diwanegypt.com/wp-content/uploads/2024/05/9780593084274-450x600.jpg
How to Break Up with Your Phone: The 30-Day Plan to Take Bac,EGP915.00,https://diwanegypt.com/wp-content/uploads/2024/05/9780399581120-450x600.jpg
Yellowface,"EGP1,040.00",https://diwanegypt.com/wp-content/uploads/2024/05/9780063323179-450x600.jpg
The Pioneer Woman Cooks: Super Easy!: 120 Shortcut Recipes f,"EGP1,955.00",https://diwanegypt.com/wp-content/uploads/2024/05/9780062962768-450x600.jpg
Crystal Grid Oracle: Spiritual guidance using nature’s tools,"EGP1,040.00",https://diwanegypt.com/wp-content/uploads/2024/05/9781922785145-450x600.jpg
Witching Hour Oracle: Awaken your inner magic,"EGP1,235.00",https://diwanegypt.com/wp-content/uploads/2024/05/9781922785008-450x600.jpg
Midnight Magic: A Tarot Deck of Mushrooms,"EGP1,235.00",https://diwanegypt.com/wp-content/uploads/2024/05/9781507220139-450x600.jpg
Tutankhamun,"EGP1,750.00",https://diwanegypt.com/wp-content/uploads/2024/05/9788880954057-450x600.jpg
Treasures of the Valley of the Kings,"EGP1,750.00",https://diwanegypt.com/wp-content/uploads/2024/05/9788854000124-450x600.jpg
Sacred Sea Oracle: Dive into the depth of your cosmic soul,"EGP1,140.00",https://diwanegypt.com/wp-content/uploads/2024/05/9786010037595-450x600.jpg
Enchanted Spell Oracle,EGP950.00,https://diwanegypt.com/wp-content/uploads/2024/05/9786010037588-450x600.jpg
Aboriginal Dreamtime,"EGP1,195.00",https://diwanegypt.com/wp-content/uploads/2024/05/9786010037557-450x600.jpg
Daily Rituals Oracle,EGP950.00,https://diwanegypt.com/wp-content/uploads/2024/05/9786010037540-450x600.jpg
Shadow & Light Oracle: Reflection cards for personal growth,"EGP1,235.00",https://diwanegypt.com/wp-content/uploads/2024/05/9781922579638-450x600.jpg
Clairvoyant Oracle: Connect with your divine guidance,"EGP1,270.00",https://diwanegypt.com/wp-content/uploads/2024/05/9781922579614-450x600.jpg
African Gods Oracle: Magic and spells of the Orishas,"EGP1,430.00",https://diwanegypt.com/wp-content/uploads/2024/05/9781922579485-450x600.jpg
Alhambra Tile Artisan Art Notebook (Flame Tree Journals),EGP695.00,https://diwanegypt.com/wp-content/uploads/2024/05/9781839649257-450x600.jpg
Pieter van den Keere: Antique Map of the World (Foiled Journ,EGP695.00,https://diwanegypt.com/wp-content/uploads/2024/05/9781804176238-450x600.jpg
The Secret Language of: Destiny,"EGP3,600.00",https://diwanegypt.com/wp-content/uploads/2024/05/9780670032631-450x600.jpg
The Secret Language of: Relationships,"EGP2,400.00",https://diwanegypt.com/wp-content/uploads/2024/05/9780525426875-450x600.jpg
The Hurricane Wars,EGP945.00,https://diwanegypt.com/wp-content/uploads/2024/05/9780008555849-450x600.jpg
Celestial Kingdom 2: Heart of The Sun Warrior,EGP685.00,https://diwanegypt.com/wp-content/uploads/2024/05/9780008479381-450x600.jpg
Absent,EGP150.00,https://diwanegypt.com/wp-content/uploads/2024/05/9789774166051-450x600.jpg
Ancient Egypt,EGP600.00,https://diwanegypt.com/wp-content/uploads/2024/05/9788880956211-450x600.jpg
Divine Tea Time Inspiration,"EGP1,430.00",https://diwanegypt.com/wp-content/uploads/2024/05/9786010037519-450x600.jpg
Greek Mythology Reading Cards,"EGP1,280.00",https://diwanegypt.com/wp-content/uploads/2024/05/9786010037502-450x600.jpg
Pokemon Sun & Moon 1: Pokemon Sun & Moon,EGP305.00,https://diwanegypt.com/wp-content/uploads/2024/05/9781974700752-450x600.jpg
Illustrated Guide to Luxor,"EGP1,000.00",https://diwanegypt.com/wp-content/uploads/2024/05/9788854023109-450x600.jpg
Call of the Night 3: Call of the Night,EGP605.00,https://diwanegypt.com/wp-content/uploads/2024/05/9781974720804-450x600.jpg
Call of the Night 2: Call of the Night,EGP605.00,https://diwanegypt.com/wp-content/uploads/2024/05/9781974720576-450x600.jpg
Call of the Night 1: Call of the Night,EGP605.00,https://diwanegypt.com/wp-content/uploads/2024/05/9781974720514-450x600.jpg
"Yarn Tarot: For Crocheters, Knitters, Spinners, and Weavers","EGP1,500.00",https://diwanegypt.com/wp-content/uploads/2024/05/9781970048070-450x600.jpg
Aboriginal Healing Oracle,"EGP1,430.00",https://diwanegypt.com/wp-content/uploads/2024/05/9781922785879-450x600.jpg
Earth & Bone Oracle : Honor the concepts of rebirth and tran,"EGP1,270.00",https://diwanegypt.com/wp-content/uploads/2024/05/9781922785725-450x600.jpg
Healing Heart Oracle : Love letters to your soul,"EGP1,300.00",https://diwanegypt.com/wp-content/uploads/2024/05/9781922785381-450x600.jpg
Mythos Tarot: Guidance from the Greek Gods,"EGP1,335.00",https://diwanegypt.com/wp-content/uploads/2024/05/9781922785350-450x600.jpg
Magical Spirit Oracle : The brilliance of you,"EGP1,140.00",https://diwanegypt.com/wp-content/uploads/2024/05/9781922785206-450x600.jpg
Human Spirit Oracle: Learning to reconnect,"EGP1,505.00",https://diwanegypt.com/wp-content/uploads/2024/05/9781922785176-450x600.jpg
Tarot Cards of Modern Goddesses,"EGP1,505.00",https://diwanegypt.com/wp-content/uploads/2024/05/9781922785138-450x600.jpg
Oracle of the Universe: Divine guidance from the cosmos Card,"EGP1,235.00",https://diwanegypt.com/wp-content/uploads/2024/05/9781922785015-450x600.jpg
True Love Oracle: 36 Gilded Cards and 96-page Book,"EGP1,235.00",https://diwanegypt.com/wp-content/uploads/2024/05/9781922579706-450x600.jpg
Sacred Feminine Oracle: Divine healing,"EGP1,235.00",https://diwanegypt.com/wp-content/uploads/2024/05/9781922579416-450x600.jpg
This Might Hurt Tarot Deck,"EGP1,880.00",https://diwanegypt.com/wp-content/uploads/2024/05/9781912634699-450x600.jpg
William Morris: Wallflower Artisan Art Notebook (Flame Tree,EGP695.00,https://diwanegypt.com/wp-content/uploads/2024/05/9781839648700-450x600.jpg
William Morris: Acanthus Artisan Art Notebook (Flame Tree Jo,EGP830.00,https://diwanegypt.com/wp-content/uploads/2024/05/9781839648694-450x600.jpg
How to Stop Time,EGP755.00,https://diwanegypt.com/wp-content/uploads/2024/05/9781838858476-450x600.jpg
Charcoal Artisan Notebook (Flame Tree Journals),EGP695.00,https://diwanegypt.com/wp-content/uploads/2024/05/9781787558700-450x600.jpg
Audrey Hepburn: The Illustrated World of a Style Icon,"EGP1,200.00",https://diwanegypt.com/wp-content/uploads/2024/05/9781743798362-450x600.jpg
Coco Chanel : The Illustrated World of a Fashion Icon,"EGP1,320.00",https://diwanegypt.com/wp-content/uploads/2024/05/9781743797440-450x600.jpg
Christian Dior: The Illustrated World of a Fashion Master,"EGP1,320.00",https://diwanegypt.com/wp-content/uploads/2024/05/9781743797266-450x600.jpg
The Powerless Trilogy 1: Powerless,EGP755.00,https://diwanegypt.com/wp-content/uploads/2024/05/9781398529489-450x600.jpg
The Maple Hills 2: Wildfire,EGP680.00,https://diwanegypt.com/wp-content/uploads/2024/05/9781398525719-450x600.jpg
The Enneagram Guidebook,EGP350.00,https://diwanegypt.com/wp-content/uploads/2024/04/9798772500033-450x600.jpg
The Trek of Alfred Hitchcock in Hollywood Studios,EGP300.00,https://diwanegypt.com/wp-content/uploads/2024/04/9789778664102-450x600.jpg
Tell This in My Memory,EGP400.00,https://diwanegypt.com/wp-content/uploads/2024/04/9789774166228-450x600.jpg
A Photographer on the Hajj: The Travels of Muhammad ‘Ali Eff,EGP600.00,https://diwanegypt.com/wp-content/uploads/2024/04/9789774162909-450x600.jpg
Wonders of Egypt,EGP550.00,https://diwanegypt.com/wp-content/uploads/2024/04/9788854013490-450x600.jpg
The Enneagram and why your Blind Type matters,EGP980.00,https://diwanegypt.com/wp-content/uploads/2024/04/9788797123430-450x600.jpg
The Enneagram in Relationships,EGP980.00,https://diwanegypt.com/wp-content/uploads/2024/04/9788797123409-450x600.jpg
"Royal Pavilion, Brighton: Queen Victoria’s Bedroom (Foiled J",EGP830.00,https://diwanegypt.com/wp-content/uploads/2024/04/9781804176627-450x600.jpg
Angela Harding: Landlines (Foiled Journal),EGP695.00,https://diwanegypt.com/wp-content/uploads/2024/04/9781804176481-450x600.jpg
Blowing on Yogurt and Other Egyptian Arabic Expressions: Ill,EGP350.00,https://diwanegypt.com/wp-content/uploads/2024/04/9781649033468-450x600.jpg
"The Ghosts of Iraq’s Marshes: A History of Conflict, Tragedy","EGP1,000.00",https://diwanegypt.com/wp-content/uploads/2024/04/9781649033253-450x600.jpg
Making Routes: Mobility and Politics of Migration in the Glo,"EGP1,250.00",https://diwanegypt.com/wp-content/uploads/2024/04/9781649033178-450x600.jpg
Oracle of the Birds: A 46-Card Deck and Guidebook,"EGP1,335.00",https://diwanegypt.com/wp-content/uploads/2024/04/9781644119617-450x600.jpg
The Long Game,EGP680.00,https://diwanegypt.com/wp-content/uploads/2024/04/9781398522213-450x600.jpg
A Little Life,EGP850.00,https://diwanegypt.com/wp-content/uploads/2024/04/9780804172707-450x600.jpg
"Really Good, Actually",EGP755.00,https://diwanegypt.com/wp-content/uploads/2024/04/9780008511760-450x600.jpg
El-Gazzar. The complete works,"EGP15,000.00",https://diwanegypt.com/wp-content/uploads/2024/04/9780312510787-450x600.jpg
Guide to Deir el-Medina,EGP950.00,https://diwanegypt.com/wp-content/uploads/2024/04/9782724709568-450x600.jpg
Guide to the Writing Systems of Ancient Egypt,"EGP1,300.00",https://diwanegypt.com/wp-content/uploads/2024/04/9782724708738-450x600.jpg
Mister & Missus 1: The Mister,"EGP1,175.00",https://diwanegypt.com/wp-content/uploads/2024/04/9781984898326-450x600.jpg
The Golden Tarot,"EGP1,305.00",https://diwanegypt.com/wp-content/uploads/2024/04/9781906094867-450x600.jpg
Tarot of Tales,"EGP2,400.00",https://diwanegypt.com/wp-content/uploads/2024/04/9781800651999-450x600.jpg
Mister & Missus 2: The Missus,"EGP1,175.00",https://diwanegypt.com/wp-content/uploads/2024/04/9781728290270-450x600.jpg
Tokyo Chic,"EGP6,825.00",https://diwanegypt.com/wp-content/uploads/2024/04/9781649802361-450x600.jpg
New York Chic,"EGP6,825.00",https://diwanegypt.com/wp-content/uploads/2024/04/9781649802309-450x600.jpg
Punta del Este,"EGP6,825.00",https://diwanegypt.com/wp-content/uploads/2024/04/9781649801845-450x600.jpg
Yves Saint Laurent at Home: Life with Yves and Pierre,"EGP6,825.00",https://diwanegypt.com/wp-content/uploads/2024/04/9781649801234-450x600.jpg
Moon Paradise,"EGP6,825.00",https://diwanegypt.com/wp-content/uploads/2024/04/9781649800770-450x600.jpg
Louis Vuitton Manufactures,"EGP9,100.00",https://diwanegypt.com/wp-content/uploads/2024/04/9781649800763-450x600.jpg
Tiffany & Co: Vision and Virtuosity,"EGP5,525.00",https://diwanegypt.com/wp-content/uploads/2024/04/9781649800336-450x600.jpg
Art Deco Style,"EGP6,825.00",https://diwanegypt.com/wp-content/uploads/2024/04/9781649800220-450x600.jpg
Tuscany Marvel,"EGP6,825.00",https://diwanegypt.com/wp-content/uploads/2024/04/9781649800015-450x600.jpg
The Jinn Daughter,EGP300.00,https://diwanegypt.com/wp-content/uploads/2024/04/9781649033635-450x600.jpg
Generative Ai: The Insights You Need from Harvard Business R,"EGP1,500.00",https://diwanegypt.com/wp-content/uploads/2024/04/9781647826390-450x600.jpg
HBR Guide to: Your Job Search (HBR Guide Series),"EGP1,435.00",https://diwanegypt.com/wp-content/uploads/2024/04/9781647825935.jpg
All-In on AI: How Smart Companies Win Big with Artificial In,"EGP2,280.00",https://diwanegypt.com/wp-content/uploads/2024/04/9781647824693-450x600.jpg
HBR’s 10 Must Reads: On Leading Digital Transformation (with,"EGP1,630.00",https://diwanegypt.com/wp-content/uploads/2024/04/9781647822163-450x600.jpg
The Digital Mindset: What It Really Takes to Thrive in the A,"EGP1,955.00",https://diwanegypt.com/wp-content/uploads/2024/04/9781647820107-450x600.jpg
Hocus Pocus: The Official Tarot Deck and Guidebook,"EGP1,630.00",https://diwanegypt.com/wp-content/uploads/2024/04/9781647225728-450x600.jpg
The Medieval Feathers Tarot,"EGP2,345.00",https://diwanegypt.com/wp-content/uploads/2024/04/9781646711895-450x600.jpg
Maidens of the Wheel,"EGP1,740.00",https://diwanegypt.com/wp-content/uploads/2024/04/9781646711796-450x600.jpg
Soul’s Journey Oracle,"EGP1,920.00",https://diwanegypt.com/wp-content/uploads/2024/04/9781646711772-450x600.jpg
Erenberg Tarot,"EGP1,320.00",https://diwanegypt.com/wp-content/uploads/2024/04/9781646711741-450x600.jpg
Sisters of the Sea: Healing Magicks from the Mermaids,"EGP1,740.00",https://diwanegypt.com/wp-content/uploads/2024/04/9781646711642-450x600.jpg
Black & White Rider-Waite Tarot Deck,"EGP1,630.00",https://diwanegypt.com/wp-content/uploads/2024/04/9781646711604-450x600.jpg
Love Who You Are Oracle,"EGP1,485.00",https://diwanegypt.com/wp-content/uploads/2024/04/9781646711093-450x600.jpg
"The Enchanted Heart: Affirmations and Guidance for Hope, Hea","EGP1,695.00",https://diwanegypt.com/wp-content/uploads/2024/04/9781646711000-450x600.jpg
The Art of Peace: Teachings of the Founder of Aikido,EGP965.00,https://diwanegypt.com/wp-content/uploads/2024/04/9781645472421-450x600.jpg
Against Erasure: A Photographic Memory of Palestine Before the Nakba,"EGP2,605.00",https://diwanegypt.com/wp-content/uploads/2024/04/9781642599800-450x600.jpg
Divine Names: The 99 Healing Names of the One Love,"EGP2,150.00",https://diwanegypt.com/wp-content/uploads/2024/04/9781623718138-450x600.jpg
Imad’s Syrian Kitchen: A Love Letter From Damascus to London,"EGP2,280.00",https://diwanegypt.com/wp-content/uploads/2024/04/9781623711160-450x600.jpg
Provence Glory,"EGP6,825.00",https://diwanegypt.com/wp-content/uploads/2024/04/9781614289821-450x600.jpg
Chanel: 3-Book Slipcase (New Edition),"EGP5,850.00",https://diwanegypt.com/wp-content/uploads/2024/04/9781614289739-450x600.jpg
Athens Riviera,"EGP6,825.00",https://diwanegypt.com/wp-content/uploads/2024/04/9781614289463-450x600.jpg
Paris Chic,"EGP6,825.00",https://diwanegypt.com/wp-content/uploads/2024/04/9781614289333-450x600.jpg
Zuhair Murad,"EGP12,675.00",https://diwanegypt.com/wp-content/uploads/2024/04/9781614288930-450x600.jpg
G: Glenn Spiro: The Art of a Jewel,"EGP12,675.00",https://diwanegypt.com/wp-content/uploads/2024/04/9781614288596-450x600.jpg
St. Moritz Chic,"EGP6,825.00",https://diwanegypt.com/wp-content/uploads/2024/04/9781614288534-450x600.jpg
Dior: by John Galliano (1997-2011),"EGP12,675.00",https://diwanegypt.com/wp-content/uploads/2024/04/9781614287605-450x600.jpg
Dior: by Gianfranco Ferre (1989-1996),"EGP12,675.00",https://diwanegypt.com/wp-content/uploads/2024/04/9781614287568-450x600.jpg
Italian Chic,"EGP6,825.00",https://diwanegypt.com/wp-content/uploads/2024/04/9781614286806-450x600.jpg
Dior: by Marc Bohan (1961-1989),"EGP12,675.00",https://diwanegypt.com/wp-content/uploads/2024/04/9781614286240-450x600.jpg
Dior: by Christian Dior (1947-1957),"EGP12,675.00",https://diwanegypt.com/wp-content/uploads/2024/04/9781614285489-450x600.jpg
"Shaker: Function, Purity, Perfection","EGP3,900.00",https://diwanegypt.com/wp-content/uploads/2024/04/9781614284277-450x600.jpg
Valentino: At the Emperor’s Table,"EGP12,675.00",https://diwanegypt.com/wp-content/uploads/2024/04/9781614282938-450x600.jpg
The School of Fashion: 30 Parsons Designers,"EGP3,900.00",https://diwanegypt.com/wp-content/uploads/2024/04/9781614282051-450x600.jpg
"Iconic: Art, Design, Advertising, and the Automobile","EGP7,800.00",https://diwanegypt.com/wp-content/uploads/2024/04/9781614281948-450x600.jpg
The Big Book of Chic,"EGP6,825.00",https://diwanegypt.com/wp-content/uploads/2024/04/9781614280613-450x600.jpg
Getting Past Your Past: Take Control of Your Life with Self-,"EGP1,175.00",https://diwanegypt.com/wp-content/uploads/2024/04/9781609619954-450x600.jpg
Oracle of the Mythic Heroes: A 40-Card Deck and Guidebook,"EGP1,440.00",https://diwanegypt.com/wp-content/uploads/2024/04/9781582709093-450x600.jpg
The Sacred She Tarot: Deck and Guidebook: A Universal Guide,"EGP1,955.00",https://diwanegypt.com/wp-content/uploads/2024/04/9781582708980-450x600.jpg
Fin De Siecle Kipper: Fortune Telling Deck,"EGP1,500.00",https://diwanegypt.com/wp-content/uploads/2024/04/9781572818453-450x600.jpg
"Salt, Fat, Acid, Heat: Mastering the Elements of Good Cookin","EGP2,605.00",https://diwanegypt.com/wp-content/uploads/2024/04/9781476753836-450x600.jpg
You Can’t Go Home Again,"EGP1,155.00",https://diwanegypt.com/wp-content/uploads/2024/04/9781451650495-450x600.jpg
Letters of Enchantment 2: Ruthless Vows,EGP980.00,https://diwanegypt.com/wp-content/uploads/2024/04/9781250857453-450x600.jpg
Feel-Good Productivity: How to Do More of What Matters to Yo,EGP915.00,https://diwanegypt.com/wp-content/uploads/2024/04/9781250357014-450x600.jpg
Oswald Wirth Tarot,"EGP1,560.00",https://diwanegypt.com/wp-content/uploads/2024/04/9780913866528.jpg
Spirit within Tarot,"EGP1,375.00",https://diwanegypt.com/wp-content/uploads/2024/04/9780764353888-450x600.jpg
Lenormand Cartomancy,"EGP2,400.00",https://diwanegypt.com/wp-content/uploads/2024/04/9780764345623-450x600.jpg
"Look Homeward, Angel","EGP1,155.00",https://diwanegypt.com/wp-content/uploads/2024/04/9780743297318-450x600.jpg
The Angel Magic Oracle: Empowering Guidance & Divine Love,"EGP2,085.00",https://diwanegypt.com/wp-content/uploads/2024/04/9780738778839-450x600.jpg
Medicine Heart Journal (Medicine Heart Oracle 2),"EGP1,565.00",https://diwanegypt.com/wp-content/uploads/2024/04/9780738778648-450x600.jpg
The Medieval Feathers Tarot,"EGP2,160.00",https://diwanegypt.com/wp-content/uploads/2024/04/9780738778631-450x600.jpg
Activate Your Psychic Ability: The Power of Intuition Reveal,"EGP1,440.00",https://diwanegypt.com/wp-content/uploads/2024/04/9780738778556-450x600.jpg
Soul’s Journey Oracle: Practical Epiphany for Personal Growt,"EGP1,920.00",https://diwanegypt.com/wp-content/uploads/2024/04/9780738778297-450x600.jpg
Lightworker Oracle: Fierce Love 11.11 Edition: Humanity as O,"EGP1,980.00",https://diwanegypt.com/wp-content/uploads/2024/04/9780738777917-450x600.jpg
Unveiling the Golden Age: A Visionary Tarot Experience Cards,"EGP2,200.00",https://diwanegypt.com/wp-content/uploads/2024/04/9780738777207-450x600.jpg
Mystic Palette Tarot Kit (Mystic Palette Tarot 1),"EGP1,980.00",https://diwanegypt.com/wp-content/uploads/2024/04/9780738776149-450x600.jpg
Whispers of Aloha (Oracle),"EGP1,595.00",https://diwanegypt.com/wp-content/uploads/2024/04/9780738775463-450x600.jpg
Everyday Reiki: A Self-Healing Routine for Mastering the Tea,"EGP1,620.00",https://diwanegypt.com/wp-content/uploads/2024/04/9780738775449-450x600.jpg
Journeys through the Akashic Records: Accessing Other Realms,EGP965.00,https://diwanegypt.com/wp-content/uploads/2024/04/9780738769448-450x600.jpg
Kali Oracle: Ferocious Grace and Supreme Protection with the,"EGP1,430.00",https://diwanegypt.com/wp-content/uploads/2024/04/9780738768427-450x600.jpg
Witch Sister Tarot,"EGP1,980.00",https://diwanegypt.com/wp-content/uploads/2024/04/9780738765112-450x600.jpg
Living Reiki: Heal Yourself and Transform Your Life,"EGP1,240.00",https://diwanegypt.com/wp-content/uploads/2024/04/9780738759432-450x600.jpg
Llewellyn’s Complete Book of the Rider-Waite-Smith Tarot,"EGP2,280.00",https://diwanegypt.com/wp-content/uploads/2024/04/9780738753195-450x600.jpg
Rumi Oracle: An Invitation into the Heart of the Divine (Rum,"EGP1,680.00",https://diwanegypt.com/wp-content/uploads/2021/10/9780738749297-450x600.jpg
Easy Lenormand: Quick Answers to Everyday Questions,"EGP1,500.00",https://diwanegypt.com/wp-content/uploads/2024/04/9780738747125-450x600.jpg
The Essential Lenormand: Your Guide to Precise & Practical F,"EGP1,620.00",https://diwanegypt.com/wp-content/uploads/2024/04/9780738736624-450x600.jpg
Cartomancy with the Lenormand and the Tarot: Create Meaning,"EGP1,240.00",https://diwanegypt.com/wp-content/uploads/2024/04/9780738736006-450x600.jpg
Easy Tarot: Learn to Read the Cards Once and for All,"EGP1,130.00",https://diwanegypt.com/wp-content/uploads/2024/04/9780738711508-450x600.jpg
Until August,"EGP1,340.00",https://diwanegypt.com/wp-content/uploads/2024/04/9780593801994-450x600.jpg
Supercommunicators: How to Unlock the Secret Language of Con,"EGP1,370.00",https://diwanegypt.com/wp-content/uploads/2024/04/9780593732236-450x600.jpg
Molly the Maid 2: The Mystery Guest,"EGP1,110.00",https://diwanegypt.com/wp-content/uploads/2024/04/9780593726433-450x600.jpg
The Heaven & Earth Grocery Store,"EGP1,110.00",https://diwanegypt.com/wp-content/uploads/2024/04/9780593714669-450x600.jpg
"The Vagus Nerve Reset: Train Your Body to Heal Stress, Traum","EGP1,175.00",https://diwanegypt.com/wp-content/uploads/2024/04/9780593689905-450x600.jpg
Astrology of You and Me Oracle Deck: 72 Cards to Understand,"EGP1,210.00",https://diwanegypt.com/wp-content/uploads/2024/04/9780593579305-450x600.jpg
Bride,EGP820.00,https://diwanegypt.com/wp-content/uploads/2024/04/9780593550403-450x600.jpg
Anxiously Attached: Becoming More Secure in Life and Love,EGP885.00,https://diwanegypt.com/wp-content/uploads/2024/04/9780593544419-450x600.jpg
"The Daily Laws: 366 Meditations on Power, Seduction, Mastery",EGP850.00,https://diwanegypt.com/wp-content/uploads/2024/04/9780593299234-450x600.jpg
History of Sexuality 4: Confessions of the Flesh,"EGP1,075.00",https://diwanegypt.com/wp-content/uploads/2024/04/9780525565413-450x600.jpg
Marry Him: The Case for Settling for Mr. Good Enough,"EGP1,045.00",https://diwanegypt.com/wp-content/uploads/2024/04/9780451232168-450x600.jpg
The Foucault Reader,"EGP1,130.00",https://diwanegypt.com/wp-content/uploads/2024/04/9780394713403-450x600.jpg
Why We Remember: Unlocking Memory’s Power to Hold on to What,"EGP1,305.00",https://diwanegypt.com/wp-content/uploads/2024/04/9780385550802-450x600.jpg
Critique of Pure Reason (Penguin Classics),"EGP1,130.00",https://diwanegypt.com/wp-content/uploads/2024/04/9780140447477-450x600.jpg
Freakonomics Revised and Expanded Edition: A Rogue Economist,"EGP1,240.00",https://diwanegypt.com/wp-content/uploads/2024/04/9780063032378-450x600.jpg
"The Source: The Secrets of the Universe, the Science of the","EGP1,110.00",https://diwanegypt.com/wp-content/uploads/2024/04/9780062935748-450x600.jpg
"King, Warrior, Magician, Lover: Rediscovering the Archetypes","EGP1,175.00",https://diwanegypt.com/wp-content/uploads/2024/04/9780062506061-450x600.jpg
